<?xml version="1.0" encoding="utf-8"?>
<!-- Assassins_Improvement -->
<!-- Author: yiboy -->
<!-- DateCreated: 11/5/2022 9:49:30 PM -->
<GameData>
	<Types>
		<Row Type="IMPROVEMENT_EDEN_PIECE_SUPPRESS" Kind="KIND_IMPROVEMENT"/>
	</Types>


	<Improvements>
		<Row ImprovementType="IMPROVEMENT_EDEN_PIECE_SUPPRESS" Name="LOC_IMPROVEMENT_EDEN_PIECE_SUPPRESS_NAME" 
			 Description="LOC_IMPROVEMENT_EDEN_PIECE_SUPPRESS_DESCRIPTION" Icon="ICON_IMPROVEMENT_EDEN_PIECE_SUPPRESS" 
			 PlunderType="NO_PLUNDER" Buildable="false" CanBuildOutsideTerritory="true" Appeal="1" Workable="false" 
			 SameAdjacentValid="true" Capturable="false"/>
	</Improvements>

	<Improvement_ValidResources>
		<Row ImprovementType="IMPROVEMENT_EDEN_PIECE_SUPPRESS" ResourceType="RESOURCE_EDEN_PIECE" MustRemoveFeature="false"/>
	</Improvement_ValidResources>


	<Improvement_ValidBuildUnits>
		<!--<Row ImprovementType="IMPROVEMENT_EDEN_PIECE_SUPPRESS" UnitType="UNIT_BUILDER"/>-->
		<Row ImprovementType="IMPROVEMENT_EDEN_PIECE_SUPPRESS" UnitType="UNIT_ASSASSIN" ConsumesCharge="false" ValidRepairOnly="true"/>
		<!--<Row ImprovementType="IMPROVEMENT_VAMPIRE_CASTLE" UnitType="UNIT_VAMPIRE" ConsumesCharge="false" ValidRepairOnly="true"/>-->
	</Improvement_ValidBuildUnits>
	
	<ImprovementModifiers>
		<Row>
			<ImprovementType>IMPROVEMENT_EDEN_PIECE_SUPPRESS</ImprovementType>
			<ModifierId>Modifier_EDEN_PIECE_SUPPRESS_Adjacency_Faith</ModifierId>
		</Row>
		<Row>
			<ImprovementType>IMPROVEMENT_EDEN_PIECE_SUPPRESS</ImprovementType>
			<ModifierId>Modifier_EDEN_PIECE_SUPPRESS_Adjacency_Food</ModifierId>
		</Row>
		<Row>
			<ImprovementType>IMPROVEMENT_EDEN_PIECE_SUPPRESS</ImprovementType>
			<ModifierId>Modifier_EDEN_PIECE_SUPPRESS_Adjacency_Gold</ModifierId>
		</Row>
		<Row>
			<ImprovementType>IMPROVEMENT_EDEN_PIECE_SUPPRESS</ImprovementType>
			<ModifierId>Modifier_EDEN_PIECE_SUPPRESS_Adjacency_Production</ModifierId>
		</Row>
		<Row>
			<ImprovementType>IMPROVEMENT_EDEN_PIECE_SUPPRESS</ImprovementType>
			<ModifierId>Modifier_EDEN_PIECE_SUPPRESS_Adjacency_Culture</ModifierId>
		</Row>
		<Row>
			<ImprovementType>IMPROVEMENT_EDEN_PIECE_SUPPRESS</ImprovementType>
			<ModifierId>Modifier_EDEN_PIECE_SUPPRESS_Adjacency_Science</ModifierId>
		</Row>
		<Row>
			<ImprovementType>IMPROVEMENT_EDEN_PIECE_SUPPRESS</ImprovementType>
			<ModifierId>Modifier_EDEN_PIECE_SUPPRESS_ASSASSIN_Grant_Ability</ModifierId>
		</Row>
		
	</ImprovementModifiers>
	<Modifiers>
		<Row>
			<ModifierId>Modifier_EDEN_PIECE_SUPPRESS_Adjacency_Faith</ModifierId>
			<ModifierType>MODIFIER_PLAYER_ADJUST_PLOT_YIELD</ModifierType>
			<SubjectRequirementSetId>ReqSet_EDEN_PIECE_SUPPRESS_Adjacency_Faith</SubjectRequirementSetId>
		</Row>
		<Row>
			<ModifierId>Modifier_EDEN_PIECE_SUPPRESS_Adjacency_Food</ModifierId>
			<ModifierType>MODIFIER_PLAYER_ADJUST_PLOT_YIELD</ModifierType>
			<SubjectRequirementSetId>ReqSet_EDEN_PIECE_SUPPRESS_Adjacency_Food</SubjectRequirementSetId>
		</Row>
		<Row>
			<ModifierId>Modifier_EDEN_PIECE_SUPPRESS_Adjacency_Gold</ModifierId>
			<ModifierType>MODIFIER_PLAYER_ADJUST_PLOT_YIELD</ModifierType>
			<SubjectRequirementSetId>ReqSet_EDEN_PIECE_SUPPRESS_Adjacency_Gold</SubjectRequirementSetId>
		</Row>
		<Row>
			<ModifierId>Modifier_EDEN_PIECE_SUPPRESS_Adjacency_Production</ModifierId>
			<ModifierType>MODIFIER_PLAYER_ADJUST_PLOT_YIELD</ModifierType>
			<SubjectRequirementSetId>ReqSet_EDEN_PIECE_SUPPRESS_Adjacency_Production</SubjectRequirementSetId>
		</Row>
		<Row>
			<ModifierId>Modifier_EDEN_PIECE_SUPPRESS_Adjacency_Culture</ModifierId>
			<ModifierType>MODIFIER_PLAYER_ADJUST_PLOT_YIELD</ModifierType>
			<SubjectRequirementSetId>ReqSet_EDEN_PIECE_SUPPRESS_Adjacency_Culture</SubjectRequirementSetId>
		</Row>
		<Row>
			<ModifierId>Modifier_EDEN_PIECE_SUPPRESS_Adjacency_Science</ModifierId>
			<ModifierType>MODIFIER_PLAYER_ADJUST_PLOT_YIELD</ModifierType>
			<SubjectRequirementSetId>ReqSet_EDEN_PIECE_SUPPRESS_Adjacency_Science</SubjectRequirementSetId>
		</Row>
		
		<!--为刺客加战斗力-->
		<Row>
			<ModifierId>Modifier_EDEN_PIECE_SUPPRESS_ASSASSIN_Grant_Ability</ModifierId>
			<ModifierType>MODIFIER_ALL_UNITS_GRANT_ABILITY</ModifierType>
			<Permanent>true</Permanent>
			<OwnerRequirementSetId>ReqSet_Plot_Is_EDEN_PIECE_SUPPRESS</OwnerRequirementSetId>
			<SubjectRequirementSetId>ReqSet_EDEN_PIECE_SUPPRESS_ASSASSIN_Grant_Ability</SubjectRequirementSetId>
		</Row>
	</Modifiers>
	<ModifierArguments>
		<Row>
			<ModifierId>Modifier_EDEN_PIECE_SUPPRESS_Adjacency_Faith</ModifierId>
			<Name>YieldType</Name>
			<Value>YIELD_FAITH</Value>
		</Row>
		<Row>
			<ModifierId>Modifier_EDEN_PIECE_SUPPRESS_Adjacency_Faith</ModifierId>
			<Name>Amount</Name>
			<Value>2</Value>
		</Row>

		<Row>
			<ModifierId>Modifier_EDEN_PIECE_SUPPRESS_Adjacency_Food</ModifierId>
			<Name>YieldType</Name>
			<Value>YIELD_FOOD</Value>
		</Row>
		<Row>
			<ModifierId>Modifier_EDEN_PIECE_SUPPRESS_Adjacency_Food</ModifierId>
			<Name>Amount</Name>
			<Value>2</Value>
		</Row>

		<Row>
			<ModifierId>Modifier_EDEN_PIECE_SUPPRESS_Adjacency_Gold</ModifierId>
			<Name>YieldType</Name>
			<Value>YIELD_GOLD</Value>
		</Row>
		<Row>
			<ModifierId>Modifier_EDEN_PIECE_SUPPRESS_Adjacency_Gold</ModifierId>
			<Name>Amount</Name>
			<Value>2</Value>
		</Row>

		<Row>
			<ModifierId>Modifier_EDEN_PIECE_SUPPRESS_Adjacency_Production</ModifierId>
			<Name>YieldType</Name>
			<Value>YIELD_PRODUCTION</Value>
		</Row>
		<Row>
			<ModifierId>Modifier_EDEN_PIECE_SUPPRESS_Adjacency_Production</ModifierId>
			<Name>Amount</Name>
			<Value>2</Value>
		</Row>

		<Row>
			<ModifierId>Modifier_EDEN_PIECE_SUPPRESS_Adjacency_Culture</ModifierId>
			<Name>YieldType</Name>
			<Value>YIELD_CULTURE</Value>
		</Row>
		<Row>
			<ModifierId>Modifier_EDEN_PIECE_SUPPRESS_Adjacency_Culture</ModifierId>
			<Name>Amount</Name>
			<Value>2</Value>
		</Row>

		<Row>
			<ModifierId>Modifier_EDEN_PIECE_SUPPRESS_Adjacency_Science</ModifierId>
			<Name>YieldType</Name>
			<Value>YIELD_SCIENCE</Value>
		</Row>
		<Row>
			<ModifierId>Modifier_EDEN_PIECE_SUPPRESS_Adjacency_Science</ModifierId>
			<Name>Amount</Name>
			<Value>2</Value>
		</Row>

		<Row>
			<ModifierId>Modifier_EDEN_PIECE_SUPPRESS_ASSASSIN_Grant_Ability</ModifierId>
			<Name>AbilityType</Name>
			<Value>ABILITY_ASSASSIN_EDEN_PIECE_SUPPRESS_COMBAT_BONUS</Value>
		</Row>
	</ModifierArguments>

	<RequirementSets>

		<Row>
			<RequirementSetId>ReqSet_EDEN_PIECE_SUPPRESS_Adjacency_Faith</RequirementSetId>
			<RequirementSetType>REQUIREMENTSET_TEST_ALL</RequirementSetType>
		</Row>
		<Row>
			<RequirementSetId>ReqSet_EDEN_PIECE_SUPPRESS_Adjacency_Food</RequirementSetId>
			<RequirementSetType>REQUIREMENTSET_TEST_ALL</RequirementSetType>
		</Row>
		<Row>
			<RequirementSetId>ReqSet_EDEN_PIECE_SUPPRESS_Adjacency_Gold</RequirementSetId>
			<RequirementSetType>REQUIREMENTSET_TEST_ALL</RequirementSetType>
		</Row>
		<Row>
			<RequirementSetId>ReqSet_EDEN_PIECE_SUPPRESS_Adjacency_Production</RequirementSetId>
			<RequirementSetType>REQUIREMENTSET_TEST_ALL</RequirementSetType>
		</Row>
		<Row>
			<RequirementSetId>ReqSet_EDEN_PIECE_SUPPRESS_Adjacency_Culture</RequirementSetId>
			<RequirementSetType>REQUIREMENTSET_TEST_ALL</RequirementSetType>
		</Row>
		<Row>
			<RequirementSetId>ReqSet_EDEN_PIECE_SUPPRESS_Adjacency_Science</RequirementSetId>
			<RequirementSetType>REQUIREMENTSET_TEST_ALL</RequirementSetType>
		</Row>

		<Row>
			<RequirementSetId>ReqSet_Plot_Is_EDEN_PIECE_SUPPRESS</RequirementSetId>
			<RequirementSetType>REQUIREMENTSET_TEST_ALL</RequirementSetType>
		</Row>

		<Row>
			<RequirementSetId>ReqSet_EDEN_PIECE_SUPPRESS_ASSASSIN_Grant_Ability</RequirementSetId>
			<RequirementSetType>REQUIREMENTSET_TEST_ALL</RequirementSetType>
		</Row>
	</RequirementSets>

	<RequirementSetRequirements>

		<Row>
			<RequirementSetId>ReqSet_EDEN_PIECE_SUPPRESS_Adjacency_Faith</RequirementSetId>
			<RequirementId>Req_EDEN_PIECE_SUPPRESS_Adjacent_To_Owner</RequirementId>
		</Row>
		
		<Row>
			<RequirementSetId>ReqSet_EDEN_PIECE_SUPPRESS_Adjacency_Food</RequirementSetId>
			<RequirementId>Req_EDEN_PIECE_SUPPRESS_Adjacent_To_Owner</RequirementId>
		</Row>
		<Row>
			<RequirementSetId>ReqSet_EDEN_PIECE_SUPPRESS_Adjacency_Food</RequirementSetId>
			<RequirementId>Req_Player_Has_IRRIGATION_ASSASSINS</RequirementId>
		</Row>

		<Row>
			<RequirementSetId>ReqSet_EDEN_PIECE_SUPPRESS_Adjacency_Gold</RequirementSetId>
			<RequirementId>Req_EDEN_PIECE_SUPPRESS_Adjacent_To_Owner</RequirementId>
		</Row>
		<Row>
			<RequirementSetId>ReqSet_EDEN_PIECE_SUPPRESS_Adjacency_Gold</RequirementSetId>
			<RequirementId>Req_Player_Has_CURRENCY_ASSASSINS</RequirementId>
		</Row>
		
		<Row>
			<RequirementSetId>ReqSet_EDEN_PIECE_SUPPRESS_Adjacency_Production</RequirementSetId>
			<RequirementId>Req_EDEN_PIECE_SUPPRESS_Adjacent_To_Owner</RequirementId>
		</Row>
		<Row>
			<RequirementSetId>ReqSet_EDEN_PIECE_SUPPRESS_Adjacency_Production</RequirementSetId>
			<RequirementId>Req_Player_Has_THEOLOGY_ASSASSINS</RequirementId>
		</Row>
		
		<Row>
			<RequirementSetId>ReqSet_EDEN_PIECE_SUPPRESS_Adjacency_Culture</RequirementSetId>
			<RequirementId>Req_EDEN_PIECE_SUPPRESS_Adjacent_To_Owner</RequirementId>
		</Row>
		<Row>
			<RequirementSetId>ReqSet_EDEN_PIECE_SUPPRESS_Adjacency_Culture</RequirementSetId>
			<RequirementId>Req_Player_Has_THE_ENLIGHTENMENT_ASSASSINS</RequirementId>
		</Row>
		
		<Row>
			<RequirementSetId>ReqSet_EDEN_PIECE_SUPPRESS_Adjacency_Science</RequirementSetId>
			<RequirementId>Req_EDEN_PIECE_SUPPRESS_Adjacent_To_Owner</RequirementId>
		</Row>
		<Row>
			<RequirementSetId>ReqSet_EDEN_PIECE_SUPPRESS_Adjacency_Science</RequirementSetId>
			<RequirementId>Req_Player_Has_SCIENTIFIC_THEORY_ASSASSINS</RequirementId>
		</Row>

		<Row>
			<RequirementSetId>ReqSet_Plot_Is_EDEN_PIECE_SUPPRESS</RequirementSetId>
			<RequirementId>Req_Plot_Is_EDEN_PIECE_SUPPRESS</RequirementId>
		</Row>
		
		<Row>
			<RequirementSetId>ReqSet_EDEN_PIECE_SUPPRESS_ASSASSIN_Grant_Ability</RequirementSetId>
			<RequirementId>Req_EDEN_PIECE_SUPPRESS_Adjacent_Unit</RequirementId>
		</Row>
		<Row>
			<RequirementSetId>ReqSet_EDEN_PIECE_SUPPRESS_ASSASSIN_Grant_Ability</RequirementSetId>
			<RequirementId>Req_Unit_Is_ASSASSIN</RequirementId>
		</Row>

	</RequirementSetRequirements>

	<Requirements>
		<Row>
			<RequirementId>Req_EDEN_PIECE_SUPPRESS_Adjacent_To_Owner</RequirementId>
			<RequirementType>REQUIREMENT_PLOT_ADJACENT_TO_OWNER</RequirementType>
		</Row>
		<Row>
			<RequirementId>Req_Player_Has_THEOLOGY_ASSASSINS</RequirementId>
			<RequirementType>REQUIREMENT_PLAYER_HAS_CIVIC</RequirementType>
		</Row>
		<Row>
			<RequirementId>Req_Player_Has_THE_ENLIGHTENMENT_ASSASSINS</RequirementId>
			<RequirementType>REQUIREMENT_PLAYER_HAS_CIVIC</RequirementType>
		</Row>
		<Row>
			<RequirementId>Req_Player_Has_IRRIGATION_ASSASSINS</RequirementId>
			<RequirementType>REQUIREMENT_PLAYER_HAS_TECHNOLOGY</RequirementType>
		</Row>
		<Row>
			<RequirementId>Req_Player_Has_CURRENCY_ASSASSINS</RequirementId>
			<RequirementType>REQUIREMENT_PLAYER_HAS_TECHNOLOGY</RequirementType>
		</Row>
		<Row>
			<RequirementId>Req_Player_Has_SCIENTIFIC_THEORY_ASSASSINS</RequirementId>
			<RequirementType>REQUIREMENT_PLAYER_HAS_TECHNOLOGY</RequirementType>
		</Row>

		<Row>
			<RequirementId>Req_Plot_Is_EDEN_PIECE_SUPPRESS</RequirementId>
			<RequirementType>REQUIREMENT_PLOT_IMPROVEMENT_TYPE_MATCHES</RequirementType>
		</Row>

		<Row>
			<RequirementId>Req_EDEN_PIECE_SUPPRESS_Adjacent_Unit</RequirementId>
			<RequirementType>REQUIREMENT_PLOT_ADJACENT_IMPROVEMENT_TYPE_MATCHES</RequirementType>
		</Row>
		<Row>
			<RequirementId>Req_Unit_Is_ASSASSIN</RequirementId>
			<RequirementType>REQUIREMENT_UNIT_TYPE_MATCHES</RequirementType>
		</Row>
		
	</Requirements>

	<RequirementArguments>
		<Row>
			<RequirementId>Req_Player_Has_THEOLOGY_ASSASSINS</RequirementId>
			<Name>CivicType</Name>
			<Value>CIVIC_THEOLOGY</Value>
		</Row>
		<Row>
			<RequirementId>Req_Player_Has_THE_ENLIGHTENMENT_ASSASSINS</RequirementId>
			<Name>CivicType</Name>
			<Value>CIVIC_THE_ENLIGHTENMENT</Value>
		</Row>
		<Row>
			<RequirementId>Req_Player_Has_IRRIGATION_ASSASSINS</RequirementId>
			<Name>TechnologyType</Name>
			<Value>TECH_IRRIGATION</Value>
		</Row>
		<Row>
			<RequirementId>Req_Player_Has_CURRENCY_ASSASSINS</RequirementId>
			<Name>TechnologyType</Name>
			<Value>TECH_CURRENCY</Value>
		</Row>
		<Row>
			<RequirementId>Req_Player_Has_SCIENTIFIC_THEORY_ASSASSINS</RequirementId>
			<Name>TechnologyType</Name>
			<Value>TECH_SCIENTIFIC_THEORY</Value>
		</Row>

		<Row>
			<RequirementId>Req_Plot_Is_EDEN_PIECE_SUPPRESS</RequirementId>
			<Name>ImprovementType</Name>
			<Value>IMPROVEMENT_EDEN_PIECE_SUPPRESS</Value>
		</Row>	

		<Row>
			<RequirementId>Req_EDEN_PIECE_SUPPRESS_Adjacent_Unit</RequirementId>
			<Name>ImprovementType</Name>
			<Value>IMPROVEMENT_EDEN_PIECE_SUPPRESS</Value>
		</Row>

		<Row>
			<RequirementId>Req_Unit_Is_ASSASSIN</RequirementId>
			<Name>UnitType</Name>
			<Value>UNIT_ASSASSIN</Value>
		</Row>
	</RequirementArguments>
	
</GameData>
