<?xml version="1.0" encoding="utf-8"?>
<!-- Assassins_Units -->
<!-- Author: yiboy -->
<!-- DateCreated: 11/5/2022 12:48:19 AM -->
<GameData>
	<Types>
		<Row Type="UNIT_ASSASSIN" Kind="KIND_UNIT"/>
		<Row Type="UNIT_THE_SHROUD_OF_EDEN" Kind="KIND_UNIT"/>

	</Types>

	<UnitAiInfos>
		<Row UnitType="UNIT_ASSASSIN" AiType="UNITTYPE_MELEE"/>
		<Row UnitType="UNIT_ASSASSIN" AiType="UNITTYPE_SIEGE_ALL"/>
		<Row UnitType="UNIT_ASSASSIN" AiType="UNITTYPE_MAJOR_CIV_ONLY"/>
		<Row UnitType="UNIT_ASSASSIN" AiType="UNITTYPE_LAND_COMBAT"/>
		<Row UnitType="UNIT_ASSASSIN" AiType="UNITAI_EXPLORE"/>
		<Row UnitType="UNIT_ASSASSIN" AiType="UNITAI_COMBAT"/>
		<Row UnitType="UNIT_ASSASSIN" AiType="UNITAI_BUILD"/>

		<Row UnitType="UNIT_THE_SHROUD_OF_EDEN" AiType="UNITTYPE_SIEGE_SUPPORT"/>
	</UnitAiInfos>

	<Tags>
		<Row Tag="CLASS_ASSASSIN" Vocabulary="ABILITY_CLASS"/>
		<Row Tag="CLASS_THE_SHROUD_OF_EDEN" Vocabulary="ABILITY_CLASS"/>
	</Tags>

	<TypeTags>
		<Row Type="UNIT_ASSASSIN" Tag="CLASS_MELEE"/>
		<!--<Row Type="UNIT_ASSASSIN" Tag="CLASS_RANGED"/>-->
		<Row Type="UNIT_ASSASSIN" Tag="CLASS_ASSASSIN"/>
		<Row Type="UNIT_ASSASSIN" Tag="CLASS_ALL_ERAS"/>
		<Row Type="UNIT_ASSASSIN" Tag="CLASS_STEALTH"/>
		<Row Type="UNIT_ASSASSIN" Tag="CLASS_REVEAL_STEALTH"/>

		<Row Type="UNIT_THE_SHROUD_OF_EDEN" Tag="CLASS_THE_SHROUD_OF_EDEN"/>
		<Row Type="UNIT_THE_SHROUD_OF_EDEN" Tag="CLASS_SUPPORT"/>
	</TypeTags>

	<Units>
		<Row UnitType="UNIT_ASSASSIN" Cost="100" Maintenance="4" ImmediatelyName="true"
			 BaseMoves="3" BaseSightRange="2" ZoneOfControl="true" 
			 Domain="DOMAIN_LAND" UseMaxMeleeTrainedStrength="true" CanTrain="False"
			 FormationClass="FORMATION_CLASS_LAND_COMBAT" PromotionClass="PROMOTION_CLASS_ASSASSIN"
			 AdvisorType="ADVISOR_CONQUEST" CanCapture="True" CanRetreatWhenCaptured="False"
			 Name="LOC_UNIT_ASSASSIN_NAME" Description="LOC_UNIT_ASSASSIN_DESCRIPTION"
			 BuildCharges="3"
			 CostProgressionModel="COST_PROGRESSION_PREVIOUS_COPIES" 
			 CostProgressionParam1="50" PurchaseYield="YIELD_GOLD"/>

		<Row UnitType="UNIT_THE_SHROUD_OF_EDEN" Cost="200" Maintenance="6" BaseMoves="2" BaseSightRange="2" ZoneOfControl="false" 
			 Domain="DOMAIN_LAND" FormationClass="FORMATION_CLASS_SUPPORT" PromotionClass="PROMOTION_CLASS_SUPPORT" 
			 AdvisorType="ADVISOR_CONQUEST" CanCapture="False" CanRetreatWhenCaptured="False"
			 Name="LOC_UNIT_THE_SHROUD_OF_EDEN_NAME" Description="LOC_UNIT_THE_SHROUD_OF_EDEN_DESCRIPTION"
			 CanTrain="False" PurchaseYield="YIELD_GOLD" />
	</Units>

	<Units_XP2>
		<Row UnitType="UNIT_ASSASSIN" CanFormMilitaryFormation="false" MajorCivOnly="true"/>
		<!--<Row UnitType="UNIT_ASSASSIN" ResourceCost="20"
			 ResourceMaintenanceType="RESOURCE_EDEN_PIECE" ResourceMaintenanceAmount="2"
			 CanEarnExperience="false" CanFormMilitaryFormation="false" MajorCivOnly="true"/>-->
		<Row UnitType="UNIT_THE_SHROUD_OF_EDEN" MajorCivOnly="true"/>
	</Units_XP2>

	<Unit_BuildingPrereqs>
		<Row Unit="UNIT_ASSASSIN" PrereqBuilding="BUILDING_ASSASSINS_BRANCH"/>
	</Unit_BuildingPrereqs>
	
</GameData>
