<?xml version="1.0" encoding="utf-8"?>
<!-- Assassins_UnitAbilities -->
<!-- Author: yiboy -->
<!-- DateCreated: 11/6/2022 3:06:51 PM -->
<GameData>
	<Types>
		<Row Type="ABILITY_ASSASSIN_ENTER_FOREIGN_LANDS" Kind="KIND_ABILITY"/>
		<Row Type="ABILITY_ASSASSIN_EDEN_PIECE_SUPPRESS_COMBAT_BONUS" Kind="KIND_ABILITY"/>
		<Row Type="ABILITY_THE_SHROUD_OF_EDEN_HEAL_BONUS" Kind="KIND_ABILITY"/>
		<Row Type="ABILITY_SPY_ASSASSIN_BONUS" Kind="KIND_ABILITY"/>
		<Row Type="ABILITY_SPY_ASSASSIN_GRANT_BONUS" Kind="KIND_ABILITY"/>

	</Types>

	<TypeTags>
		<!--<Row Type="ABILITY_ASSASSIN_ENTER_FOREIGN_LANDS" Tag="CLASS_ASSASSIN"/>-->
		<Row Type="ABILITY_ASSASSIN_EDEN_PIECE_SUPPRESS_COMBAT_BONUS" Tag="CLASS_ASSASSIN"/>
		<Row Type="ABILITY_THE_SHROUD_OF_EDEN_HEAL_BONUS" Tag="CLASS_THE_SHROUD_OF_EDEN"/>
		<Row Type="ABILITY_SPY_ASSASSIN_BONUS" Tag="CLASS_ASSASSIN"/>
		<Row Type="ABILITY_SPY_ASSASSIN_GRANT_BONUS" Tag="CLASS_SPY"/>
		

	</TypeTags>

	<UnitAbilities>
		<Row UnitAbilityType="ABILITY_ASSASSIN_ENTER_FOREIGN_LANDS" Name="LOC_ABILITY_ASSASSIN_ENTER_FOREIGN_LANDS_NAME"
			 Description="LOC_ABILITY_ASSASSIN_ENTER_FOREIGN_LANDS_DESCRIPTION"/>

		<Row UnitAbilityType="ABILITY_ASSASSIN_EDEN_PIECE_SUPPRESS_COMBAT_BONUS" 
			 Name="LOC_ABILITY_ASSASSIN_EDEN_PIECE_SUPPRESS_COMBAT_BONUS_NAME"
			 Description="LOC_ABILITY_ASSASSIN_EDEN_PIECE_SUPPRESS_COMBAT_BONUS_DESCRIPTION" 
			 Inactive="true" ShowFloatTextWhenEarned="true"/>

		<Row UnitAbilityType="ABILITY_THE_SHROUD_OF_EDEN_HEAL_BONUS"
			 Name="LOC_ABILITY_THE_SHROUD_OF_EDEN_HEAL_BONUS_NAME"
			 Description="LOC_ABILITY_THE_SHROUD_OF_EDEN_HEAL_BONUS_DESCRIPTION"/>
		
		<Row UnitAbilityType="ABILITY_SPY_ASSASSIN_BONUS"
			 Name="LOC_ABILITY_SPY_ASSASSIN_BONUS_NAME"
			 Description="LOC_ABILITY_SPY_ASSASSIN_BONUS_DESCRIPTION" Inactive="true"/>
		
		<Row UnitAbilityType="ABILITY_SPY_ASSASSIN_GRANT_BONUS"
			 Name="LOC_ABILITY_SPY_ASSASSIN_GRANT_BONUS_NAME"
			 Description="LOC_ABILITY_SPY_ASSASSIN_GRANT_BONUS_DESCRIPTION" Inactive="true"/>
		
	</UnitAbilities>
	<UnitAbilityModifiers>
		<Row>
			<UnitAbilityType>ABILITY_ASSASSIN_ENTER_FOREIGN_LANDS</UnitAbilityType>
			<ModifierId>MOD_ENTER_FOREIGN_LANDS</ModifierId>
		</Row>

		<Row>
			<UnitAbilityType>ABILITY_ASSASSIN_EDEN_PIECE_SUPPRESS_COMBAT_BONUS</UnitAbilityType>
			<ModifierId>Modifier_ASSASSIN_EDEN_PIECE_SUPPRESS_COMBAT_BONUS</ModifierId>
		</Row>

		<Row>
			<UnitAbilityType>ABILITY_THE_SHROUD_OF_EDEN_HEAL_BONUS</UnitAbilityType>
			<ModifierId>Modifier_THE_SHROUD_OF_EDEN_Adjust_Heal_Per_Turn</ModifierId>
		</Row>

		<Row>
			<UnitAbilityType>ABILITY_SPY_ASSASSIN_BONUS</UnitAbilityType>
			<ModifierId>Modifier_SPY_ASSASSIN_COMBAT_BONUS</ModifierId>
		</Row>
		<Row>
			<UnitAbilityType>ABILITY_SPY_ASSASSIN_GRANT_BONUS</UnitAbilityType>
			<ModifierId>Modifier_SPY_ASSASSIN_GRANT_BONUS</ModifierId>
		</Row>

	</UnitAbilityModifiers>

	<Modifiers>
		

		<Row>
			<ModifierId>Modifier_ASSASSIN_EDEN_PIECE_SUPPRESS_COMBAT_BONUS</ModifierId>
			<ModifierType>MODIFIER_UNIT_ADJUST_COMBAT_STRENGTH</ModifierType>
		</Row>

		<Row>
			<ModifierId>Modifier_THE_SHROUD_OF_EDEN_Adjust_Heal_Per_Turn</ModifierId>
			<ModifierType>MODIFIER_PLAYER_UNITS_ADJUST_HEAL_PER_TURN</ModifierType>
			<SubjectRequirementSetId>ReqSet_THE_SHROUD_OF_EDEN_Heal</SubjectRequirementSetId>
		</Row>

		<Row>
			<ModifierId>Modifier_SPY_ASSASSIN_COMBAT_BONUS</ModifierId>
			<ModifierType>MODIFIER_UNIT_ADJUST_COMBAT_STRENGTH</ModifierType>
		</Row>
		<Row>
			<ModifierId>Modifier_SPY_ASSASSIN_GRANT_BONUS</ModifierId>
			<ModifierType>MODIFIER_PLAYER_UNITS_GRANT_ABILITY</ModifierType>
			<SubjectRequirementSetId>ReqSet_Spy_Assassin_Grant_Bonus</SubjectRequirementSetId>
		</Row>

		
	</Modifiers>
	<ModifierArguments>
		
		<Row>
			<ModifierId>Modifier_ASSASSIN_EDEN_PIECE_SUPPRESS_COMBAT_BONUS</ModifierId>
			<Name>Amount</Name>
			<Value>5</Value>
		</Row>

		<Row>
			<ModifierId>Modifier_THE_SHROUD_OF_EDEN_Adjust_Heal_Per_Turn</ModifierId>
			<Name>Amount</Name>
			<Value>100</Value>
		</Row>
		<Row>
			<ModifierId>Modifier_THE_SHROUD_OF_EDEN_Adjust_Heal_Per_Turn</ModifierId>
			<Name>Type</Name>
			<Value>ALL</Value>
		</Row>

		<Row>
			<ModifierId>Modifier_SPY_ASSASSIN_COMBAT_BONUS</ModifierId>
			<Name>Amount</Name>
			<Value>5</Value>
		</Row>
		<Row>
			<ModifierId>Modifier_SPY_ASSASSIN_GRANT_BONUS</ModifierId>
			<Name>AbilityType</Name>
			<Value>ABILITY_SPY_ASSASSIN_BONUS</Value>
		</Row>
		
	</ModifierArguments>


	<RequirementSets>
		<Row>
			<RequirementSetId>ReqSet_THE_SHROUD_OF_EDEN_Heal</RequirementSetId>
			<RequirementSetType>REQUIREMENTSET_TEST_ALL</RequirementSetType>
		</Row>

		<Row>
			<RequirementSetId>ReqSet_Spy_Assassin_Grant_Bonus</RequirementSetId>
			<RequirementSetType>REQUIREMENTSET_TEST_ALL</RequirementSetType>
		</Row>
		
	</RequirementSets>

	<RequirementSetRequirements>
		<Row>
			<RequirementSetId>ReqSet_THE_SHROUD_OF_EDEN_Heal</RequirementSetId>
			<RequirementId>ADJACENT_UNIT_REQUIREMENT</RequirementId>
		</Row>

		<Row>
			<RequirementSetId>ReqSet_Spy_Assassin_Grant_Bonus</RequirementSetId>
			<RequirementId>Req_UNIT_PROMOTION_CLASS_ASSASSIN</RequirementId>
		</Row>
		<Row>
			<RequirementSetId>ReqSet_Spy_Assassin_Grant_Bonus</RequirementSetId>
			<RequirementId>AOE_REQUIRES_OWNER_ADJACENCY</RequirementId>
		</Row>
	</RequirementSetRequirements>

	<!--<Requirements>

	</Requirements>-->

	<!--<RequirementArguments>

	</RequirementArguments>-->

	<ModifierStrings>
		<Row ModifierId="Modifier_ASSASSIN_EDEN_PIECE_SUPPRESS_COMBAT_BONUS" Context="Preview" Text="{LOC_ABILITY_ASSASSIN_EDEN_PIECE_SUPPRESS_COMBAT_BONUS_PREVIEW}"/>
		<Row ModifierId="Modifier_SPY_ASSASSIN_COMBAT_BONUS" Context="Preview" Text="{LOC_ABILITY_SPY_ASSASSIN_BONUS_PREVIEW}"/>
	</ModifierStrings>
	
</GameData>
