<?xml version="1.0" encoding="utf-8"?>
<!-- Assassins_Buildings -->
<!-- Author: yiboy -->
<!-- DateCreated: 11/7/2022 12:59:25 PM -->
<GameData>
	<Types>
		<Row Type="BUILDING_ASSASSINS_BRANCH" Kind="KIND_BUILDING" />
		<Row Type="BUILDING_THE_EYE" Kind="KIND_BUILDING" />
		<Row Type="BUILDING_EDEN_PIECE_RESEARCH_LAB" Kind="KIND_BUILDING" />
	</Types>
	<DiplomaticVisibilitySources>
		<Row VisibilitySourceType="SOURCE_THE_EYE" Description="LOC_VIZSOURCE_THE_EYE" 
			 ActionDescription="LOC_VIZSOURCE_ACTION_THE_EYE" GossipString="LOC_GOSSIP_SOURCE_THE_EYE"/>
	</DiplomaticVisibilitySources>

	<Buildings>
		<Row BuildingType="BUILDING_ASSASSINS_BRANCH" Name="LOC_BUILDING_ASSASSINS_BRANCH_NAME"
			 Description="LOC_BUILDING_ASSASSINS_BRANCH_DESCRIPTION"  PurchaseYield="YIELD_GOLD" 
			 Cost="200" PrereqDistrict="DISTRICT_CITY_CENTER" AdvisorType="ADVISOR_GENERIC" 
			 Maintenance="3"/>

		<!--<Row BuildingType="BUILDING_THE_EYE" Name="LOC_BUILDING_THE_EYE_NAME"
			 Description="LOC_BUILDING_THE_EYE_DESCRIPTION"  PurchaseYield="YIELD_GOLD"
			 Cost="1200" PrereqDistrict="DISTRICT_CITY_CENTER"
			 AdvisorType="ADVISOR_GENERIC" Maintenance="24" MaxPlayerInstances="1"/>-->
		<Row BuildingType="BUILDING_THE_EYE" Name="LOC_BUILDING_THE_EYE_NAME" 
			 Description="LOC_BUILDING_THE_EYE_DESCRIPTION" PrereqDistrict="DISTRICT_CAMPUS" 
			 Cost="800" AdvisorType="ADVISOR_GENERIC"
			 MaxPlayerInstances="1" Maintenance="24"/>

		<Row BuildingType="BUILDING_EDEN_PIECE_RESEARCH_LAB" Name="LOC_BUILDING_EDEN_PIECE_RESEARCH_LAB_NAME" 
			 Description="LOC_BUILDING_EDEN_PIECE_RESEARCH_LAB_DESCRIPTION" 
			 PrereqTech="TECH_SCIENTIFIC_THEORY" PrereqDistrict="DISTRICT_CAMPUS"
			 PurchaseYield="YIELD_GOLD" Cost="10000" AdvisorType="ADVISOR_TECHNOLOGY" 
			 MaxPlayerInstances="1"
			 Maintenance="100" />
	</Buildings>

	<Buildings_XP2>
		<Row BuildingType="BUILDING_THE_EYE" RequiredPower="12"/>
	</Buildings_XP2>
	
	<Building_BuildChargeProductions>
		<Row BuildingType="BUILDING_THE_EYE" UnitType="UNIT_MILITARY_ENGINEER" PercentProductionPerCharge="20"/>
	</Building_BuildChargeProductions>

	<Building_YieldChanges>
		<Row BuildingType="BUILDING_ASSASSINS_BRANCH" YieldType="YIELD_CULTURE" YieldChange="1"/>
		<Row BuildingType="BUILDING_THE_EYE" YieldType="YIELD_SCIENCE" YieldChange="5"/>
		<Row BuildingType="BUILDING_EDEN_PIECE_RESEARCH_LAB" YieldType="YIELD_SCIENCE" YieldChange="1000"/>
	</Building_YieldChanges>

	<BuildingPrereqs>
		<Row Building="BUILDING_THE_EYE" PrereqBuilding="BUILDING_ASSASSINS_BRANCH"/>
		<!--<Row Building="BUILDING_THE_EYE" PrereqBuilding="BUILDING_GOV_CITYSTATES"/>
		<Row Building="BUILDING_THE_EYE" PrereqBuilding="BUILDING_GOV_SPIES"/>
		<Row Building="BUILDING_THE_EYE" PrereqBuilding="BUILDING_GOV_FAITH"/>
		<Row Building="BUILDING_THE_EYE" PrereqBuilding="BUILDING_QUEENS_BIBLIOTHEQUE"/>-->
	</BuildingPrereqs>

	<!--<MutuallyExclusiveBuildings>
		<Row Building="BUILDING_THE_EYE" MutuallyExclusiveBuilding="BUILDING_GOV_MILITARY"/>
		<Row Building="BUILDING_THE_EYE" MutuallyExclusiveBuilding="BUILDING_GOV_CULTURE"/>
	</MutuallyExclusiveBuildings>-->

	<Building_GreatWorks>
		<Row BuildingType="BUILDING_ASSASSINS_BRANCH" GreatWorkSlotType="GREATWORKSLOT_PALACE" NumSlots="1"/>
	</Building_GreatWorks>

	<BuildingConditions>
		<Row BuildingType="BUILDING_ASSASSINS_BRANCH" UnlocksFromEffect="true"/>
		<Row BuildingType="BUILDING_THE_EYE" UnlocksFromEffect="true"/>
	</BuildingConditions>

	<BuildingReplaces>
		<Row CivUniqueBuildingType="BUILDING_ASSASSINS_BRANCH" ReplacesBuildingType="BUILDING_MONUMENT"/>
		<Row CivUniqueBuildingType="BUILDING_THE_EYE" ReplacesBuildingType="BUILDING_EDEN_PIECE_RESEARCH_LAB"/>
	</BuildingReplaces>

	<BuildingModifiers>
		<!--刺客分部-->
		<Row>
			<BuildingType>BUILDING_ASSASSINS_BRANCH</BuildingType>
			<ModifierId>Modifier_ASSASSINS_BRANCH_Adjust_InfluencePoints</ModifierId>
		</Row>
		<Row>
			<BuildingType>BUILDING_ASSASSINS_BRANCH</BuildingType>
			<ModifierId>Modifier_ASSASSINS_BRANCH_Adjust_Spy_Bonus</ModifierId>
		</Row>

		<Row>
			<BuildingType>BUILDING_ASSASSINS_BRANCH</BuildingType>
			<ModifierId>Modifier_ASSASSINS_BRANCH_Adjust_GENERAL_Points</ModifierId>
		</Row>
		<Row>
			<BuildingType>BUILDING_ASSASSINS_BRANCH</BuildingType>
			<ModifierId>Modifier_ASSASSINS_BRANCH_Adjust_ADMIRAL_Points</ModifierId>
		</Row>
		<Row>
			<BuildingType>BUILDING_ASSASSINS_BRANCH</BuildingType>
			<ModifierId>Modifier_ASSASSINS_BRANCH_Loyalty</ModifierId>
		</Row>
		<Row>
			<BuildingType>BUILDING_ASSASSINS_BRANCH</BuildingType>
			<ModifierId>Modifier_ASSASSINS_BRANCH_Culture_At_Full_Loyalty</ModifierId>
		</Row>
		
		<!--眼-->
		
		<!--学院和工业区+100%相邻加成-->
		<Row>
			<BuildingType>BUILDING_THE_EYE</BuildingType>
			<ModifierId>Modifier_THE_EYE_Adjust_CAMPUS_Yield_Attach</ModifierId>
		</Row>
		<Row>
			<BuildingType>BUILDING_THE_EYE</BuildingType>
			<ModifierId>Modifier_THE_EYE_Adjust_INDUSTRIALZONE_Yield_Attach</ModifierId>
		</Row>

		<Row>
			<BuildingType>BUILDING_THE_EYE</BuildingType>
			<ModifierId>Modifier_THE_EYE_Adjust_CAMPUS_Yield</ModifierId>
		</Row>
		<Row>
			<BuildingType>BUILDING_THE_EYE</BuildingType>
			<ModifierId>Modifier_THE_EYE_Adjust_INDUSTRIALZONE_Yield</ModifierId>
		</Row>
		
		<!--+10%科技-->
		<Row>
			<BuildingType>BUILDING_THE_EYE</BuildingType>
			<ModifierId>Modifier_THE_EYE_Adjust_Science_Yield_Attach</ModifierId>
		</Row>

		<!--外交能见度-->
		<Row>
			<BuildingType>BUILDING_THE_EYE</BuildingType>
			<ModifierId>Modifier_THE_EYE_ADD_DIPLO_VISIBILITY</ModifierId>
		</Row>	

	</BuildingModifiers>
	
	<Modifiers>
		<Row>
			<ModifierId>Modifier_ASSASSINS_BRANCH_Adjust_InfluencePoints</ModifierId>
			<ModifierType>MODIFIER_PLAYER_ADJUST_INFLUENCE_POINTS_PER_TURN</ModifierType>
		</Row>
		<Row>
			<ModifierId>Modifier_ASSASSINS_BRANCH_Adjust_Spy_Bonus</ModifierId>
			<ModifierType>MODIFIER_PLAYER_CITIES_ADJUST_SPY_BONUS</ModifierType>
			<SubjectRequirementSetId>ReqSet_City_Has_ASSASSINS_BRANCH</SubjectRequirementSetId>
		</Row>

		<Row>
			<ModifierId>Modifier_ASSASSINS_BRANCH_Adjust_GENERAL_Points</ModifierId>
			<ModifierType>MODIFIER_SINGLE_CITY_ADJUST_GREAT_PERSON_POINT</ModifierType>
			<SubjectRequirementSetId>ReqSet_City_Has_ASSASSINS_BRANCH_AND_ENCAMPMENT</SubjectRequirementSetId>
		</Row>

		<Row>
			<ModifierId>Modifier_ASSASSINS_BRANCH_Adjust_ADMIRAL_Points</ModifierId>
			<ModifierType>MODIFIER_SINGLE_CITY_ADJUST_GREAT_PERSON_POINT</ModifierType>
			<SubjectRequirementSetId>ReqSet_City_Has_ASSASSINS_BRANCH_AND_HARBOR</SubjectRequirementSetId>
		</Row>

		<Row>
			<ModifierId>Modifier_ASSASSINS_BRANCH_Loyalty</ModifierId>
			<ModifierType>MODIFIER_SINGLE_CITY_ADJUST_IDENTITY_PER_TURN</ModifierType>
		</Row>
		<Row>
			<ModifierId>Modifier_ASSASSINS_BRANCH_Culture_At_Full_Loyalty</ModifierId>
			<ModifierType>MODIFIER_SINGLE_CITY_ADJUST_YIELD_CHANGE</ModifierType>
			<SubjectRequirementSetId>MONUMENT_FULL_LOYALTY_REQUIREMENTS</SubjectRequirementSetId>
		</Row>
		<!--眼-->
		<Row>
			<ModifierId>Modifier_THE_EYE_Adjust_CAMPUS_Yield_Attach</ModifierId>
			<ModifierType>MODIFIER_SINGLE_CITY_ATTACH_MODIFIER</ModifierType>
			<SubjectRequirementSetId>CITY_IS_POWERED</SubjectRequirementSetId>
		</Row>
		<Row>
			<ModifierId>Modifier_THE_EYE_Adjust_INDUSTRIALZONE_Yield_Attach</ModifierId>
			<ModifierType>MODIFIER_SINGLE_CITY_ATTACH_MODIFIER</ModifierType>
			<SubjectRequirementSetId>CITY_IS_POWERED</SubjectRequirementSetId>
		</Row>

		<Row>
			<ModifierId>Modifier_THE_EYE_Adjust_CAMPUS_Yield</ModifierId>
			<ModifierType>MODIFIER_CITY_DISTRICTS_ADJUST_YIELD_MODIFIER</ModifierType>
			<SubjectRequirementSetId>DISTRICT_IS_CAMPUS</SubjectRequirementSetId>
		</Row>
		<Row>
			<ModifierId>Modifier_THE_EYE_Adjust_INDUSTRIALZONE_Yield</ModifierId>
			<ModifierType>MODIFIER_CITY_DISTRICTS_ADJUST_YIELD_MODIFIER</ModifierType>
			<SubjectRequirementSetId>DISTRICT_IS_INDUSTRIAL_ZONE</SubjectRequirementSetId>
		</Row>
		<!--科技-->
		<Row>
			<ModifierId>Modifier_THE_EYE_Adjust_Science_Yield_Attach</ModifierId>
			<ModifierType>MODIFIER_SINGLE_CITY_ATTACH_MODIFIER</ModifierType>
			<SubjectRequirementSetId>CITY_IS_POWERED</SubjectRequirementSetId>
		</Row>

		<Row>
			<ModifierId>Modifier_THE_EYE_Adjust_Science_Yield</ModifierId>
			<ModifierType>MODIFIER_SINGLE_CITY_ADJUST_CITY_YIELD_MODIFIER</ModifierType>
		</Row>
		<!--外交能见度-->
		<Row>
			<ModifierId>Modifier_THE_EYE_ADD_DIPLO_VISIBILITY</ModifierId>
			<ModifierType>MODIFIER_PLAYER_ADD_DIPLO_VISIBILITY</ModifierType>
		</Row>
		
	</Modifiers>
	<ModifierArguments>
		<Row>
			<ModifierId>Modifier_ASSASSINS_BRANCH_Adjust_InfluencePoints</ModifierId>
			<Name>Amount</Name>
			<Value>1</Value>
		</Row>
		<Row>
			<ModifierId>Modifier_ASSASSINS_BRANCH_Adjust_Spy_Bonus</ModifierId>
			<Name>Amount</Name>
			<Value>1</Value>
		</Row>

		<!--伟人点数-->
		<Row>
			<ModifierId>Modifier_ASSASSINS_BRANCH_Adjust_GENERAL_Points</ModifierId>
			<Name>GreatPersonClassType</Name>
			<Value>GREAT_PERSON_CLASS_GENERAL</Value>
		</Row>
		<Row>
			<ModifierId>Modifier_ASSASSINS_BRANCH_Adjust_GENERAL_Points</ModifierId>
			<Name>Amount</Name>
			<Value>1</Value>
		</Row>

		<Row>
			<ModifierId>Modifier_ASSASSINS_BRANCH_Adjust_ADMIRAL_Points</ModifierId>
			<Name>GreatPersonClassType</Name>
			<Value>GREAT_PERSON_CLASS_ADMIRAL</Value>
		</Row>
		<Row>
			<ModifierId>Modifier_ASSASSINS_BRANCH_Adjust_ADMIRAL_Points</ModifierId>
			<Name>Amount</Name>
			<Value>1</Value>
		</Row>

		<Row>
			<ModifierId>Modifier_ASSASSINS_BRANCH_Loyalty</ModifierId>
			<Name>Amount</Name>
			<Value>1</Value>
		</Row>

		<Row>
			<ModifierId>Modifier_ASSASSINS_BRANCH_Culture_At_Full_Loyalty</ModifierId>
			<Name>Amount</Name>
			<Value>1</Value>
		</Row>
		<Row>
			<ModifierId>Modifier_ASSASSINS_BRANCH_Culture_At_Full_Loyalty</ModifierId>
			<Name>YieldType</Name>
			<Value>YIELD_CULTURE</Value>
		</Row>

		<!--学院相邻加成-->
		<Row>
			<ModifierId>Modifier_THE_EYE_Adjust_CAMPUS_Yield_Attach</ModifierId>
			<Name>ModifierId</Name>
			<Value>Modifier_THE_EYE_Adjust_CAMPUS_Yield</Value>
		</Row>
		
		<Row>
			<ModifierId>Modifier_THE_EYE_Adjust_CAMPUS_Yield</ModifierId>
			<Name>YieldType</Name>
			<Value>YIELD_SCIENCE</Value>
		</Row>
		<Row>
			<ModifierId>Modifier_THE_EYE_Adjust_CAMPUS_Yield</ModifierId>
			<Name>Amount</Name>
			<Value>100</Value>
		</Row>
		
		<!--工业区相邻加成-->
		<Row>
			<ModifierId>Modifier_THE_EYE_Adjust_INDUSTRIALZONE_Yield_Attach</ModifierId>
			<Name>ModifierId</Name>
			<Value>Modifier_THE_EYE_Adjust_INDUSTRIALZONE_Yield</Value>
		</Row>

		<Row>
			<ModifierId>Modifier_THE_EYE_Adjust_INDUSTRIALZONE_Yield</ModifierId>
			<Name>YieldType</Name>
			<Value>YIELD_PRODUCTION</Value>
		</Row>
		<Row>
			<ModifierId>Modifier_THE_EYE_Adjust_INDUSTRIALZONE_Yield</ModifierId>
			<Name>Amount</Name>
			<Value>100</Value>
		</Row>
		
		<!--+10%科技-->
		<Row>
			<ModifierId>Modifier_THE_EYE_Adjust_Science_Yield_Attach</ModifierId>
			<Name>ModifierId</Name>
			<Value>Modifier_THE_EYE_Adjust_Science_Yield</Value>
		</Row>
		<Row>
			<ModifierId>Modifier_THE_EYE_Adjust_Science_Yield</ModifierId>
			<Name>Amount</Name>
			<Value>10</Value>
		</Row>
		<Row>
			<ModifierId>Modifier_THE_EYE_Adjust_Science_Yield</ModifierId>
			<Name>YieldType</Name>
			<Value>YIELD_SCIENCE</Value>
		</Row>

		<Row>
			<ModifierId>Modifier_THE_EYE_ADD_DIPLO_VISIBILITY</ModifierId>
			<Name>Amount</Name>
			<Value>1</Value>
		</Row>
		<Row>
			<ModifierId>Modifier_THE_EYE_ADD_DIPLO_VISIBILITY</ModifierId>
			<Name>Source</Name>
			<Value>SOURCE_THE_EYE</Value>
		</Row>
		<Row>
			<ModifierId>Modifier_THE_EYE_ADD_DIPLO_VISIBILITY</ModifierId>
			<Name>SourceType</Name>
			<Value>DIPLO_SOURCE_ALL_NAMES</Value>
		</Row>
	</ModifierArguments>


	<RequirementSets>
		<Row>
			<RequirementSetId>ReqSet_City_Has_ASSASSINS_BRANCH</RequirementSetId>
			<RequirementSetType>REQUIREMENTSET_TEST_ALL</RequirementSetType>
		</Row>
		<Row>
			<RequirementSetId>ReqSet_City_Has_ASSASSINS_BRANCH_AND_ENCAMPMENT</RequirementSetId>
			<RequirementSetType>REQUIREMENTSET_TEST_ALL</RequirementSetType>
		</Row>
		<Row>
			<RequirementSetId>ReqSet_City_Has_ASSASSINS_BRANCH_AND_HARBOR</RequirementSetId>
			<RequirementSetType>REQUIREMENTSET_TEST_ALL</RequirementSetType>
		</Row>
	</RequirementSets>

	<RequirementSetRequirements>
		<Row>
			<RequirementSetId>ReqSet_City_Has_ASSASSINS_BRANCH</RequirementSetId>
			<RequirementId>Req_City_Has_ASSASSINS_BRANCH</RequirementId>
		</Row>

		<Row>
			<RequirementSetId>ReqSet_City_Has_ASSASSINS_BRANCH_AND_ENCAMPMENT</RequirementSetId>
			<RequirementId>Req_City_Has_ASSASSINS_BRANCH</RequirementId>
		</Row>
		<Row>
			<RequirementSetId>ReqSet_City_Has_ASSASSINS_BRANCH_AND_ENCAMPMENT</RequirementSetId>
			<RequirementId>REQUIRES_CITY_HAS_ENCAMPMENT</RequirementId>
		</Row>

		<Row>
			<RequirementSetId>ReqSet_City_Has_ASSASSINS_BRANCH_AND_HARBOR</RequirementSetId>
			<RequirementId>Req_City_Has_ASSASSINS_BRANCH</RequirementId>
		</Row>
		<Row>
			<RequirementSetId>ReqSet_City_Has_ASSASSINS_BRANCH_AND_HARBOR</RequirementSetId>
			<RequirementId>REQUIRES_CITY_HAS_HARBOR</RequirementId>
		</Row>
		
	</RequirementSetRequirements>

	<Requirements>
		<Row>
			<RequirementId>Req_City_Has_ASSASSINS_BRANCH</RequirementId>
			<RequirementType>REQUIREMENT_CITY_HAS_BUILDING</RequirementType>
		</Row>
	</Requirements>

	<RequirementArguments>
		<Row>
			<RequirementId>Req_City_Has_ASSASSINS_BRANCH</RequirementId>
			<Name>BuildingType</Name>
			<Value>BUILDING_ASSASSINS_BRANCH</Value>
		</Row>
	</RequirementArguments>
	
</GameData>
