<?xml version="1.0" encoding="utf-8"?>
<!-- Assassins_SecretSociety -->
<!-- Author: yiboy -->
<!-- DateCreated: 11/4/2022 11:02:09 PM -->
<GameData>

	<Types>
		<Row Type="SECRETSOCIETY_ASSASSINS" Kind="KIND_SECRETSOCIETY"/>
		<Row Type="GOVERNOR_ASSASSINS" Kind="KIND_GOVERNOR"/>
		<Row Type="GOVERNOR_PROMOTION_ASSASSINS_1" Kind="KIND_GOVERNOR_PROMOTION"/>
		<Row Type="GOVERNOR_PROMOTION_ASSASSINS_2" Kind="KIND_GOVERNOR_PROMOTION"/>
		<Row Type="GOVERNOR_PROMOTION_ASSASSINS_3" Kind="KIND_GOVERNOR_PROMOTION"/>
		<Row Type="GOVERNOR_PROMOTION_ASSASSINS_4" Kind="KIND_GOVERNOR_PROMOTION"/>
	</Types>

	<SecretSocieties>
		<Row SecretSocietyType="SECRETSOCIETY_ASSASSINS" Name="LOC_SECRETSOCIETY_ASSASSINS_NAME" Description="LOC_SECRETSOCIETY_ASSASSINS_DESCRIPTION" DiscoveryText="LOC_SECRETSOCIETY_ASSASSINS_DISCOVERY" MembershipText="LOC_SECRETSOCIETY_ASSASSINS_MEMBERSHIP" GovernorType="GOVERNOR_ASSASSINS" SmallIcon="Society_Assassins" IconString="[ICON_SECRETSOCIETY_ASSASSINS]" DiscoverAtGoodyHutBaseChance="70"/>
	</SecretSocieties>

	<CivilopediaPageSearchTerms>
		<Row SectionId="CONCEPTS" PageId="SECRETSOCIETIES" Term="LOC_SECRETSOCIETY_ASSASSINS_NAME"/>
	</CivilopediaPageSearchTerms>

	<Governors>
		<Row GovernorType="GOVERNOR_ASSASSINS" Image="GOVERNOR_ASSASSINS" Name="LOC_SECRETSOCIETY_ASSASSINS_NAME" Title="LOC_SECRETSOCIETY" ShortTitle="LOC_SECRETSOCIETY_ASSASSINS_SHORT_NAME" Description="LOC_SECRETSOCIETY_ASSASSINS_DESCRIPTION" PortraitImage="SECRETSOCIETY_ASSASSINS_FILL" PortraitImageSelected="SECRETSOCIETY_ASSASSINS" IdentityPressure="10" TransitionStrength="100"/>
	</Governors>

	<GovernorsCannotAssign>
		<Row GovernorType="GOVERNOR_ASSASSINS" CannotAssign="true"/>
	</GovernorsCannotAssign>

	<GovernorPromotionSets>
		<Row GovernorType="GOVERNOR_ASSASSINS" GovernorPromotion="GOVERNOR_PROMOTION_ASSASSINS_1"/>
		<Row GovernorType="GOVERNOR_ASSASSINS" GovernorPromotion="GOVERNOR_PROMOTION_ASSASSINS_2"/>
		<Row GovernorType="GOVERNOR_ASSASSINS" GovernorPromotion="GOVERNOR_PROMOTION_ASSASSINS_3"/>
		<Row GovernorType="GOVERNOR_ASSASSINS" GovernorPromotion="GOVERNOR_PROMOTION_ASSASSINS_4"/>
	</GovernorPromotionSets>

	<GovernorPromotions>
		<Row GovernorPromotionType="GOVERNOR_PROMOTION_ASSASSINS_1" Name="LOC_GOVERNOR_PROMOTION_ASSASSINS_1_NAME" Description="LOC_GOVERNOR_PROMOTION_ASSASSINS_1_DESCRIPTION" Level="0" Column="1" BaseAbility="true"/>
		<Row GovernorPromotionType="GOVERNOR_PROMOTION_ASSASSINS_2" Name="LOC_GOVERNOR_PROMOTION_ASSASSINS_2_NAME" Description="LOC_GOVERNOR_PROMOTION_ASSASSINS_2_DESCRIPTION" Level="1" Column="1"/>
		<Row GovernorPromotionType="GOVERNOR_PROMOTION_ASSASSINS_3" Name="LOC_GOVERNOR_PROMOTION_ASSASSINS_3_NAME" Description="LOC_GOVERNOR_PROMOTION_ASSASSINS_3_DESCRIPTION" Level="2" Column="1"/>
		<Row GovernorPromotionType="GOVERNOR_PROMOTION_ASSASSINS_4" Name="LOC_GOVERNOR_PROMOTION_ASSASSINS_4_NAME" Description="LOC_GOVERNOR_PROMOTION_ASSASSINS_4_DESCRIPTION" Level="3" Column="1"/>
	</GovernorPromotions>

	<GovernorPromotionConditions>
		<Row GovernorPromotionType="GOVERNOR_PROMOTION_ASSASSINS_1" HiddenWithoutPrereqs="false"/>
		<Row GovernorPromotionType="GOVERNOR_PROMOTION_ASSASSINS_2" HiddenWithoutPrereqs="true" EarliestGameEra="ERA_MEDIEVAL"/>
		<Row GovernorPromotionType="GOVERNOR_PROMOTION_ASSASSINS_3" HiddenWithoutPrereqs="true" EarliestGameEra="ERA_INDUSTRIAL"/>
		<Row GovernorPromotionType="GOVERNOR_PROMOTION_ASSASSINS_4" HiddenWithoutPrereqs="true" EarliestGameEra="ERA_ATOMIC"/>
	</GovernorPromotionConditions>

	<GovernorPromotionPrereqs>
		<Row GovernorPromotionType="GOVERNOR_PROMOTION_ASSASSINS_2" PrereqGovernorPromotion="GOVERNOR_PROMOTION_ASSASSINS_1"/>
		<Row GovernorPromotionType="GOVERNOR_PROMOTION_ASSASSINS_3" PrereqGovernorPromotion="GOVERNOR_PROMOTION_ASSASSINS_2"/>
		<Row GovernorPromotionType="GOVERNOR_PROMOTION_ASSASSINS_4" PrereqGovernorPromotion="GOVERNOR_PROMOTION_ASSASSINS_3"/>
	</GovernorPromotionPrereqs>

	<GovernorPromotionModifiers>
		<!--获得刺客，解锁资源、改良和刺客分部-->
		<Row>
			<GovernorPromotionType>GOVERNOR_PROMOTION_ASSASSINS_1</GovernorPromotionType>
			<ModifierId>Modifier_ASSASSINS_Grant_ASSASSIN</ModifierId>
		</Row>
		<Row>
			<GovernorPromotionType>GOVERNOR_PROMOTION_ASSASSINS_1</GovernorPromotionType>
			<ModifierId>Modifier_Governor_Promotion_ASSASSINS_1_Unlock_EDEN_PIECE</ModifierId>
		</Row>
		<Row>
			<GovernorPromotionType>GOVERNOR_PROMOTION_ASSASSINS_1</GovernorPromotionType>
			<ModifierId>Modifier_Governor_Promotion_ASSASSINS_1_Unlock_EDEN_PIECE_SUPPRESS</ModifierId>
		</Row>
		<Row>
			<GovernorPromotionType>GOVERNOR_PROMOTION_ASSASSINS_1</GovernorPromotionType>
			<ModifierId>Modifier_Governor_Promotion_ASSASSINS_1_ASSASSIN_Capital_Gold</ModifierId>
		</Row>
		<Row>
			<GovernorPromotionType>GOVERNOR_PROMOTION_ASSASSINS_1</GovernorPromotionType>
			<ModifierId>Modifier_Governor_Promotion_ASSASSINS_1_Unlock_ASSASSIN_BRANCH_ValidBuild</ModifierId>
		</Row>

		<!--获得刺客，解锁刺客，伊甸裹尸布，新间谍升级-->
		<Row>
			<GovernorPromotionType>GOVERNOR_PROMOTION_ASSASSINS_2</GovernorPromotionType>
			<ModifierId>Modifier_ASSASSINS_Grant_ASSASSIN</ModifierId>
		</Row>
		<!--<Row>
			<GovernorPromotionType>GOVERNOR_PROMOTION_ASSASSINS_2</GovernorPromotionType>
			<ModifierId>Modifier_ASSASSIN_Grant_LEAP_OF_FAITH</ModifierId>
		</Row>
		<Row>
			<GovernorPromotionType>GOVERNOR_PROMOTION_ASSASSINS_2</GovernorPromotionType>
			<ModifierId>Modifier_ASSASSIN_Grant_HIDDEN_BLADE</ModifierId>
		</Row>-->	
		
		<Row>
			<GovernorPromotionType>GOVERNOR_PROMOTION_ASSASSINS_2</GovernorPromotionType>
			<ModifierId>Modifier_Governor_Promotion_ASSASSINS_2_Unlock_ASSASSIN_ValidBuild</ModifierId>
		</Row>
		<Row>
			<GovernorPromotionType>GOVERNOR_PROMOTION_ASSASSINS_2</GovernorPromotionType>
			<ModifierId>Modifier_Governor_Promotion_ASSASSINS_1_ASSASSIN_Capital_Gold</ModifierId>
		</Row>
		<Row>
			<GovernorPromotionType>GOVERNOR_PROMOTION_ASSASSINS_3</GovernorPromotionType>
			<ModifierId>Modifier_Governor_Promotion_ASSASSINS_2_Unlock_THE_SHROUD_OF_EDEN_ValidBuild</ModifierId>
		</Row>
		<Row>
			<GovernorPromotionType>GOVERNOR_PROMOTION_ASSASSINS_2</GovernorPromotionType>
			<ModifierId>Modifier_Governor_Promotion_ASSASSINS_2_SPY_Grant_Promotion</ModifierId>
		</Row>
		
		
		<!--获得刺客，解锁特色建筑，间谍容量，刺客出击buff和范围buff-->
		<Row>
			<GovernorPromotionType>GOVERNOR_PROMOTION_ASSASSINS_3</GovernorPromotionType>
			<ModifierId>Modifier_ASSASSINS_Grant_ASSASSIN</ModifierId>
		</Row>
		<!--<Row>
			<GovernorPromotionType>GOVERNOR_PROMOTION_ASSASSINS_3</GovernorPromotionType>
			<ModifierId>Modifier_ASSASSIN_Grant_PILLAGE_BONUS</ModifierId>
		</Row>-->
		<Row>
			<GovernorPromotionType>GOVERNOR_PROMOTION_ASSASSINS_3</GovernorPromotionType>
			<ModifierId>Modifier_Governor_Promotion_ASSASSINS_3_Unlock_THE_EYE_ValidBuild</ModifierId>
		</Row>
		
		<Row>
			<GovernorPromotionType>GOVERNOR_PROMOTION_ASSASSINS_3</GovernorPromotionType>
			<ModifierId>Modifier_Governor_Promotion_ASSASSINS_1_ASSASSIN_Capital_Gold</ModifierId>
		</Row>
		<Row>
			<GovernorPromotionType>GOVERNOR_PROMOTION_ASSASSINS_3</GovernorPromotionType>
			<ModifierId>Modifier_Governor_Promotion_ASSASSINS_3_SPY_CAPACITY</ModifierId>
		</Row>
		<Row>
			<GovernorPromotionType>GOVERNOR_PROMOTION_ASSASSINS_3</GovernorPromotionType>
			<ModifierId>Modifier_Governor_Promotion_ASSASSINS_3_SPY_Offense_Bonus</ModifierId>
		</Row>
		<Row>
			<GovernorPromotionType>GOVERNOR_PROMOTION_ASSASSINS_3</GovernorPromotionType>
			<ModifierId>Modifier_Governor_Promotion_ASSASSINS_3_SPY_Assassin_Bonus</ModifierId>
		</Row>

		<!--获得刺客，解锁特色项目，间谍容量-->
		<Row>
			<GovernorPromotionType>GOVERNOR_PROMOTION_ASSASSINS_4</GovernorPromotionType>
			<ModifierId>Modifier_ASSASSINS_Grant_ASSASSIN</ModifierId>
		</Row>
		<Row>
			<GovernorPromotionType>GOVERNOR_PROMOTION_ASSASSINS_4</GovernorPromotionType>
			<ModifierId>Modifier_Governor_Promotion_ASSASSINS_4_Allow_PROJECT</ModifierId>
		</Row>
		<Row>
			<GovernorPromotionType>GOVERNOR_PROMOTION_ASSASSINS_4</GovernorPromotionType>
			<ModifierId>Modifier_Governor_Promotion_ASSASSINS_1_ASSASSIN_Capital_Gold</ModifierId>
		</Row>
		<Row>
			<GovernorPromotionType>GOVERNOR_PROMOTION_ASSASSINS_4</GovernorPromotionType>
			<ModifierId>Modifier_Governor_Promotion_ASSASSINS_3_SPY_CAPACITY</ModifierId>
		</Row>
	</GovernorPromotionModifiers>
	
	<Modifiers>
		<!--一级结社效果-->
		<Row>
			<ModifierId>Modifier_ASSASSINS_Grant_ASSASSIN</ModifierId>
			<ModifierType>MODIFIER_PLAYER_GRANT_UNIT_IN_CAPITAL</ModifierType>
			<RunOnce>true</RunOnce>
			<Permanent>true</Permanent>
		</Row>

		<Row>
			<ModifierId>Modifier_Governor_Promotion_ASSASSINS_1_Unlock_EDEN_PIECE</ModifierId>
			<ModifierType>MODIFIER_PLAYER_GRANT_FREE_RESOURCE_VISIBILITY</ModifierType>
		</Row>

		<Row>
			<ModifierId>Modifier_Governor_Promotion_ASSASSINS_1_Unlock_EDEN_PIECE_SUPPRESS</ModifierId>
			<ModifierType>MODIFIER_PLAYER_ADJUST_VALID_IMPROVEMENT</ModifierType>
		</Row>

		<Row>
			<ModifierId>Modifier_Governor_Promotion_ASSASSINS_1_ASSASSIN_Capital_Gold</ModifierId>
			<ModifierType>MODIFIER_PLAYER_CAPITAL_CITY_ADJUST_CITY_YIELD_CHANGE</ModifierType>
		</Row>

		<!--二级结社效果-->
		<!--<Row>
			<ModifierId>Modifier_ASSASSIN_Grant_LEAP_OF_FAITH</ModifierId>
			<ModifierType>MODIFIER_PLAYER_UNITS_GRANT_PROMOTION</ModifierType>
			<SubjectRequirementSetId>ReqSet_ASSASSIN_Grant_Promotion</SubjectRequirementSetId>
		</Row>
		<Row>
			<ModifierId>Modifier_ASSASSIN_Grant_HIDDEN_BLADE</ModifierId>
			<ModifierType>MODIFIER_PLAYER_UNITS_GRANT_PROMOTION</ModifierType>
			<SubjectRequirementSetId>ReqSet_ASSASSIN_Grant_Promotion</SubjectRequirementSetId>
		</Row>-->

		<Row>
			<ModifierId>Modifier_Governor_Promotion_ASSASSINS_1_Unlock_ASSASSIN_BRANCH_ValidBuild</ModifierId>
			<ModifierType>MODIFIER_PLAYER_ADJUST_VALID_BUILDING</ModifierType>
		</Row>
		<Row>
			<ModifierId>Modifier_Governor_Promotion_ASSASSINS_2_Unlock_ASSASSIN_ValidBuild</ModifierId>
			<ModifierType>MODIFIER_PLAYER_ADJUST_VALID_UNIT_BUILD</ModifierType>
		</Row>
		<Row>
			<ModifierId>Modifier_Governor_Promotion_ASSASSINS_2_Unlock_THE_SHROUD_OF_EDEN_ValidBuild</ModifierId>
			<ModifierType>MODIFIER_PLAYER_ADJUST_VALID_UNIT_BUILD</ModifierType>
		</Row>
		<Row>
			<ModifierId>Modifier_Governor_Promotion_ASSASSINS_2_SPY_Grant_Promotion</ModifierId>
			<ModifierType>MODIFIER_PLAYER_UNITS_GRANT_PROMOTION</ModifierType>
			<Permanent>true</Permanent>
		</Row>
		

		<!--三级结社效果-->
		<!--<Row>
			<ModifierId>Modifier_ASSASSIN_Grant_PILLAGE_BONUS</ModifierId>
			<ModifierType>MODIFIER_PLAYER_UNITS_GRANT_PROMOTION</ModifierType>
			<SubjectRequirementSetId>ReqSet_ASSASSIN_Grant_Promotion</SubjectRequirementSetId>
		</Row>-->
		
		<Row>
			<ModifierId>Modifier_Governor_Promotion_ASSASSINS_3_Unlock_THE_EYE_ValidBuild</ModifierId>
			<ModifierType>MODIFIER_PLAYER_ADJUST_VALID_BUILDING</ModifierType>
		</Row>
		
		<Row>
			<ModifierId>Modifier_Governor_Promotion_ASSASSINS_3_SPY_CAPACITY</ModifierId>
			<ModifierType>MODIFIER_PLAYER_GRANT_SPY</ModifierType>
		</Row>
		<Row>
			<ModifierId>Modifier_Governor_Promotion_ASSASSINS_3_SPY_Offense_Bonus</ModifierId>
			<ModifierType>MODIFIER_PLAYER_ADJUST_SPY_BONUS</ModifierType>
		</Row>
		<Row>
			<ModifierId>Modifier_Governor_Promotion_ASSASSINS_3_SPY_Assassin_Bonus</ModifierId>
			<ModifierType>MODIFIER_PLAYER_UNITS_GRANT_ABILITY</ModifierType>
		</Row>
		
		
		<!--四级结社效果-->
		<Row>
			<ModifierId>Modifier_Governor_Promotion_ASSASSINS_4_Allow_PROJECT</ModifierId>
			<ModifierType>MODIFIER_PLAYER_ALLOW_PROJECT</ModifierType>
		</Row>

		
	</Modifiers>

	<ModifierArguments>
		<!--一级结社效果-->
		<Row>
			<ModifierId>Modifier_ASSASSINS_Grant_ASSASSIN</ModifierId>
			<Name>Amount</Name>
			<Value>1</Value>
		</Row>
		<Row>
			<ModifierId>Modifier_ASSASSINS_Grant_ASSASSIN</ModifierId>
			<Name>UnitType</Name>
			<Value>UNIT_ASSASSIN</Value>
		</Row>
		<Row>
			<ModifierId>Modifier_ASSASSINS_Grant_ASSASSIN</ModifierId>
			<Name>AllowUniqueOverride</Name>
			<Value>false</Value>
		</Row>
		<!--伊甸碎片-->
		<Row>
			<ModifierId>Modifier_Governor_Promotion_ASSASSINS_1_Unlock_EDEN_PIECE</ModifierId>
			<Name>ResourceType</Name>
			<Value>RESOURCE_EDEN_PIECE</Value>
		</Row>
		<!--伊甸碎片抑制器-->
		<Row>
			<ModifierId>Modifier_Governor_Promotion_ASSASSINS_1_Unlock_EDEN_PIECE_SUPPRESS</ModifierId>
			<Name>ImprovementType</Name>
			<Value>IMPROVEMENT_EDEN_PIECE_SUPPRESS</Value>
		</Row>
		<Row>
			<ModifierId>Modifier_Governor_Promotion_ASSASSINS_1_ASSASSIN_Capital_Gold</ModifierId>
			<Name>YieldType</Name>
			<Value>YIELD_GOLD</Value>
		</Row>
		<Row>
			<ModifierId>Modifier_Governor_Promotion_ASSASSINS_1_ASSASSIN_Capital_Gold</ModifierId>
			<Name>Amount</Name>
			<Value>4</Value>
		</Row>
		<!--刺客分部-->
		<Row>
			<ModifierId>Modifier_Governor_Promotion_ASSASSINS_1_Unlock_ASSASSIN_BRANCH_ValidBuild</ModifierId>
			<Name>BuildingType</Name>
			<Value>BUILDING_ASSASSINS_BRANCH</Value>
		</Row>
		<Row>
			<ModifierId>Modifier_Governor_Promotion_ASSASSINS_1_Unlock_ASSASSIN_BRANCH_ValidBuild</ModifierId>
			<Name>BuildingTypeToReplace</Name>
			<Value>BUILDING_MONUMENT</Value>
		</Row>

		<!--二级结社效果-->
		<!--信仰之跃-->
		<!--<Row>
			<ModifierId>Modifier_ASSASSIN_Grant_LEAP_OF_FAITH</ModifierId>
			<Name>PromotionType</Name>
			<Value>PROMOTION_ASSASSIN_LEAP_OF_FAITH</Value>
		</Row>-->
		<!--袖箭刺杀-->
		<!--<Row>
			<ModifierId>Modifier_ASSASSIN_Grant_HIDDEN_BLADE</ModifierId>
			<Name>PromotionType</Name>
			<Value>PROMOTION_ASSASSIN_HIDDEN_BLADE</Value>
		</Row>-->
		
		<!--刺客-->
		<Row>
			<ModifierId>Modifier_Governor_Promotion_ASSASSINS_2_Unlock_ASSASSIN_ValidBuild</ModifierId>
			<Name>UnitType</Name>
			<Value>UNIT_ASSASSIN</Value>
		</Row>
		<!--伊甸裹尸布-->
		<Row>
			<ModifierId>Modifier_Governor_Promotion_ASSASSINS_2_Unlock_THE_SHROUD_OF_EDEN_ValidBuild</ModifierId>
			<Name>UnitType</Name>
			<Value>UNIT_THE_SHROUD_OF_EDEN</Value>
		</Row>
		<!--飞贼-->
		<Row>
			<ModifierId>Modifier_Governor_Promotion_ASSASSINS_2_SPY_Grant_Promotion</ModifierId>
			<Name>PromotionType</Name>
			<Value>PROMOTION_SPY_CAT_BURGLAR</Value>
		</Row>

		<!--三级结社效果-->
		<!--掠夺收益-->
		<!--<Row>
			<ModifierId>Modifier_ASSASSIN_Grant_PILLAGE_BONUS</ModifierId>
			<Name>PromotionType</Name>
			<Value>PROMOTION_ASSASSIN_PILLAGE_BONUS</Value>
		</Row>-->
		
		<!--眼-->
		<Row>
			<ModifierId>Modifier_Governor_Promotion_ASSASSINS_3_Unlock_THE_EYE_ValidBuild</ModifierId>
			<Name>BuildingType</Name>
			<Value>BUILDING_THE_EYE</Value>
		</Row>
		<Row>
			<ModifierId>Modifier_Governor_Promotion_ASSASSINS_3_Unlock_THE_EYE_ValidBuild</ModifierId>
			<Name>BuildingTypeToReplace</Name>
			<Value>BUILDING_EDEN_PIECE_RESEARCH_LAB</Value>
		</Row>
		
		<!--刺客容量-->
		<Row>
			<ModifierId>Modifier_Governor_Promotion_ASSASSINS_3_SPY_CAPACITY</ModifierId>
			<Name>Amount</Name>
			<Value>1</Value>
		</Row>
		<!--间谍出击-->
		<Row>
			<ModifierId>Modifier_Governor_Promotion_ASSASSINS_3_SPY_Offense_Bonus</ModifierId>
			<Name>Offense</Name>
			<Value>true</Value>
		</Row>
		<Row>
			<ModifierId>Modifier_Governor_Promotion_ASSASSINS_3_SPY_Offense_Bonus</ModifierId>
			<Name>Amount</Name>
			<Value>1</Value>
		</Row>
		<!--刺客战斗力buff-->
		<Row>
			<ModifierId>Modifier_Governor_Promotion_ASSASSINS_3_SPY_Assassin_Bonus</ModifierId>
			<Name>AbilityType</Name>
			<Value>ABILITY_SPY_ASSASSIN_GRANT_BONUS</Value>
		</Row>
		
		<!--四级结社效果-->
		<!--全球极光-->
		<Row>
			<ModifierId>Modifier_Governor_Promotion_ASSASSINS_4_Allow_PROJECT</ModifierId>
			<Name>ProjectType</Name>
			<Value>PROJECT_STARTING_GLOBAL_AURORA_BOREALIS_DEVICE</Value>
		</Row>
		
	</ModifierArguments>
	<!-- =============== RequirementSets =============== -->
	<RequirementSets>
		<Row>
			<RequirementSetId>ReqSet_ASSASSIN_Grant_Promotion</RequirementSetId>
			<RequirementSetType>REQUIREMENTSET_TEST_ALL</RequirementSetType>
		</Row>
	</RequirementSets>
	<RequirementSetRequirements>
		<Row>
			<RequirementSetId>ReqSet_ASSASSIN_Grant_Promotion</RequirementSetId>
			<RequirementId>Req_UNIT_PROMOTION_CLASS_ASSASSIN</RequirementId>
		</Row>
	</RequirementSetRequirements>
	<!-- +++++++++++++++ Requirements +++++++++++++++ -->
	<Requirements>
		<Row>
			<RequirementId>Req_UNIT_PROMOTION_CLASS_ASSASSIN</RequirementId>
			<RequirementType>REQUIREMENT_UNIT_PROMOTION_CLASS_MATCHES</RequirementType>
		</Row>
	</Requirements>
	<RequirementArguments>
		<Row>
			<RequirementId>Req_UNIT_PROMOTION_CLASS_ASSASSIN</RequirementId>
			<Name>UnitPromotionClass</Name>
			<Value>PROMOTION_CLASS_ASSASSIN</Value>
		</Row>
	</RequirementArguments>
</GameData>
