<?xml version="1.0" encoding="utf-8"?>
<!-- Assassins_Projects -->
<!-- Author: yiboy -->
<!-- DateCreated: 11/9/2022 1:03:26 AM -->
<GameData>
	<Types>
		<Row Type="PROJECT_STARTING_GLOBAL_AURORA_BOREALIS_DEVICE" Kind="KIND_PROJECT"/>

	</Types>

	<Projects>
		<Row ProjectType="PROJECT_STARTING_GLOBAL_AURORA_BOREALIS_DEVICE" 
			 Name="LOC_PROJECT_STARTING_GLOBAL_AURORA_BOREALIS_DEVICE_NAME" 
			 ShortName="LOC_PROJECT_STARTING_GLOBAL_AURORA_BOREALIS_DEVICE_SHORT_NAME" 
			 Description="LOC_PROJECT_STARTING_GLOBAL_AURORA_BOREALIS_DEVICE_DESCRIPTION" 
			 RequiredBuilding="BUILDING_ASSASSINS_BRANCH" Cost="600" AdvisorType="ADVISOR_TECHNOLOGY"/>
	</Projects>
	<Project_GreatPersonPoints>
		<Row ProjectType="PROJECT_STARTING_GLOBAL_AURORA_BOREALIS_DEVICE" GreatPersonClassType="GREAT_PERSON_CLASS_ENGINEER" Points="15" PointProgressionModel="COST_PROGRESSION_GAME_PROGRESS" PointProgressionParam1="800"/>
		<Row ProjectType="PROJECT_STARTING_GLOBAL_AURORA_BOREALIS_DEVICE" GreatPersonClassType="GREAT_PERSON_CLASS_SCIENTIST" Points="15" PointProgressionModel="COST_PROGRESSION_GAME_PROGRESS" PointProgressionParam1="800"/>
	</Project_GreatPersonPoints>
	<Project_YieldConversions>
		<Row ProjectType="PROJECT_STARTING_GLOBAL_AURORA_BOREALIS_DEVICE" YieldType="YIELD_SCIENCE" PercentOfProductionRate="15"/>
	</Project_YieldConversions>
	<!--<Project_ResourceCosts>
		<Row ProjectType="PROJECT_STARTING_GLOBAL_AURORA_BOREALIS_DEVICE" ResourceType="RESOURCE_EDEN_PIECE" StartProductionCost="30"/>
	</Project_ResourceCosts>-->

	<Projects_XP2>
		<Row ProjectType="PROJECT_STARTING_GLOBAL_AURORA_BOREALIS_DEVICE" UnlocksFromEffect="true"/>
	</Projects_XP2>
	
	<ProjectCompletionModifiers>
		<Row ProjectType="PROJECT_STARTING_GLOBAL_AURORA_BOREALIS_DEVICE" ModifierId="Modifier_ASSASSINS_Adjust_Science_Victory_Points"/>
		<Row ProjectType="PROJECT_STARTING_GLOBAL_AURORA_BOREALIS_DEVICE" ModifierId="Modifier_ASSASSINS_Adjust_CARBON"/>
	</ProjectCompletionModifiers>
	
	<Modifiers>
		<Row>
			<ModifierId>Modifier_ASSASSINS_Adjust_Science_Victory_Points</ModifierId>
			<ModifierType>MODIFIER_PLAYER_ADJUST_SCIENCE_VICTORY_POINTS_PER_TURN</ModifierType>
		</Row>
		<Row>
			<ModifierId>Modifier_ASSASSINS_Adjust_CARBON</ModifierId>
			<ModifierType>MODIFIER_PLAYER_ADD_SEQUESTERED_CARBON</ModifierType>
		</Row>
	</Modifiers>
	<ModifierArguments>
		<Row>
			<ModifierId>Modifier_ASSASSINS_Adjust_Science_Victory_Points</ModifierId>
			<Name>Amount</Name>
			<Value>1</Value>
		</Row>

		<Row>
			<ModifierId>Modifier_ASSASSINS_Adjust_CARBON</ModifierId>
			<Name>Amount</Name>
			<Value>-50000</Value>
		</Row>
	</ModifierArguments>

</GameData>
