<?xml version="1.0" encoding="utf-8"?>
<!-- Assassins_Resources -->
<!-- Author: yiboy -->
<!-- DateCreated: 11/5/2022 10:38:40 PM -->
<GameData>
	<Types>
		<Row Type="RESOURCE_EDEN_PIECE" Kind="KIND_RESOURCE"/>
	</Types>
	<Resources>
		<Row ResourceType="RESOURCE_EDEN_PIECE" Name="LOC_RESOURCE_EDEN_PIECE_NAME" ResourceClassType="RESOURCECLASS_BONUS" 
			 Frequency="20" PrereqTech="TECH_IRON_WORKING" RevealedEra="3"/>
	</Resources>
	<Resource_Conditions>
		<Row ResourceType="RESOURCE_EDEN_PIECE" UnlocksFromEffect="true"/>
	</Resource_Conditions>
	<TypeTags>
		<Row Type="RESOURCE_EDEN_PIECE" Tag="CLASS_PRODUCTION"/>
	</TypeTags>
	<Resource_ValidTerrains>
		<Row ResourceType="RESOURCE_EDEN_PIECE" TerrainType="TERRAIN_DESERT"/>
		<Row ResourceType="RESOURCE_EDEN_PIECE" TerrainType="TERRAIN_DESERT_HILLS"/>
		<Row ResourceType="RESOURCE_EDEN_PIECE" TerrainType="TERRAIN_GRASS"/>
		<Row ResourceType="RESOURCE_EDEN_PIECE" TerrainType="TERRAIN_GRASS_HILLS"/>
		<Row ResourceType="RESOURCE_EDEN_PIECE" TerrainType="TERRAIN_PLAINS"/>
		<Row ResourceType="RESOURCE_EDEN_PIECE" TerrainType="TERRAIN_PLAINS_HILLS"/>
		<Row ResourceType="RESOURCE_EDEN_PIECE" TerrainType="TERRAIN_SNOW"/>
		<Row ResourceType="RESOURCE_EDEN_PIECE" TerrainType="TERRAIN_SNOW_HILLS"/>
		<Row ResourceType="RESOURCE_EDEN_PIECE" TerrainType="TERRAIN_TUNDRA"/>
		<Row ResourceType="RESOURCE_EDEN_PIECE" TerrainType="TERRAIN_TUNDRA_HILLS"/>
	</Resource_ValidTerrains>
		
	<Resource_ValidFeatures>
		<Row ResourceType="RESOURCE_EDEN_PIECE" FeatureType="FEATURE_JUNGLE"/>
		<Row ResourceType="RESOURCE_EDEN_PIECE" FeatureType="FEATURE_FOREST"/>
		<Row ResourceType="RESOURCE_EDEN_PIECE" FeatureType="FEATURE_FLOODPLAINS"/>
		<Row ResourceType="RESOURCE_EDEN_PIECE" FeatureType="FEATURE_FLOODPLAINS_GRASSLAND"/>
		<Row ResourceType="RESOURCE_EDEN_PIECE" FeatureType="FEATURE_FLOODPLAINS_PLAINS"/>
		<Row ResourceType="RESOURCE_EDEN_PIECE" FeatureType="FEATURE_VOLCANIC_SOIL"/>
		<Row ResourceType="RESOURCE_EDEN_PIECE" FeatureType="FEATURE_MARSH"/>
		<Row ResourceType="RESOURCE_EDEN_PIECE" FeatureType="FEATURE_OASIS"/>
		<Row ResourceType="RESOURCE_EDEN_PIECE" FeatureType="FEATURE_GEOTHERMAL_FISSURE"/>
		
	</Resource_ValidFeatures>
	
	<Resource_Harvests>
		<Row ResourceType="RESOURCE_EDEN_PIECE" YieldType="YIELD_PRODUCTION" Amount="30" PrereqTech="TECH_SCIENTIFIC_THEORY"/>
	</Resource_Harvests>
	
	<Resource_YieldChanges>
		<Row ResourceType="RESOURCE_EDEN_PIECE" YieldType="YIELD_FAITH" YieldChange="1"/>
	</Resource_YieldChanges>

	<!--<Resource_Consumption>
		<Row ResourceType="RESOURCE_EDEN_PIECE" Accumulate="true" BaseExtractionRate="0" ImprovedExtractionRate="2" StockpileCap="50"/>
	</Resource_Consumption>-->

	<Improvement_ValidResources>
		<!--基础游戏-->
		<Row ImprovementType="IMPROVEMENT_MINE" ResourceType="RESOURCE_EDEN_PIECE" MustRemoveFeature="false"/>
		<Row ImprovementType="IMPROVEMENT_FARM" ResourceType="RESOURCE_EDEN_PIECE"/>
		<Row ImprovementType="IMPROVEMENT_BEACH_RESORT" ResourceType="RESOURCE_EDEN_PIECE"/>
		
		<Row ImprovementType="IMPROVEMENT_CHATEAU" ResourceType="RESOURCE_EDEN_PIECE"/>
		<Row ImprovementType="IMPROVEMENT_GREAT_WALL" ResourceType="RESOURCE_EDEN_PIECE"/>
		<Row ImprovementType="IMPROVEMENT_MISSION" ResourceType="RESOURCE_EDEN_PIECE"/>
		<Row ImprovementType="IMPROVEMENT_ROMAN_FORT" ResourceType="RESOURCE_EDEN_PIECE"/>
		<Row ImprovementType="IMPROVEMENT_ZIGGURAT" ResourceType="RESOURCE_EDEN_PIECE"/>
		
		<!--迭起兴衰-->
		<Row ImprovementType="IMPROVEMENT_CITY_PARK" ResourceType="RESOURCE_EDEN_PIECE" MustRemoveFeature="false"/>
		
		<!--风云变幻-->
		<Row ImprovementType="IMPROVEMENT_GEOTHERMAL_PLANT" ResourceType="RESOURCE_EDEN_PIECE"/>
		<Row ImprovementType="IMPROVEMENT_SOLAR_FARM" ResourceType="RESOURCE_EDEN_PIECE"/>
		<Row ImprovementType="IMPROVEMENT_WIND_FARM" ResourceType="RESOURCE_EDEN_PIECE"/>
		<Row ImprovementType="IMPROVEMENT_MOUND" ResourceType="RESOURCE_EDEN_PIECE"/>
		<Row ImprovementType="IMPROVEMENT_MOAI" ResourceType="RESOURCE_EDEN_PIECE"/>

		<Row ImprovementType="IMPROVEMENT_OPEN_AIR_MUSEUM" ResourceType="RESOURCE_EDEN_PIECE"/>
		<Row ImprovementType="IMPROVEMENT_ICE_HOCKEY_RINK" ResourceType="RESOURCE_EDEN_PIECE"/>

	</Improvement_ValidResources>

	<TechnologyModifiers>
		<Row>
			<TechnologyType>TECH_IRON_WORKING</TechnologyType>
			<ModifierId>Modifier_IRON_WORKING_Unlock_EDEN_PIECE</ModifierId>
		</Row>
	</TechnologyModifiers>

	<Modifiers>
		<Row>
			<ModifierId>Modifier_IRON_WORKING_Unlock_EDEN_PIECE</ModifierId>
			<ModifierType>MODIFIER_PLAYER_GRANT_FREE_RESOURCE_VISIBILITY</ModifierType>
		</Row>
	</Modifiers>

	<ModifierArguments>
		<Row>
			<ModifierId>Modifier_IRON_WORKING_Unlock_EDEN_PIECE</ModifierId>
			<Name>ResourceType</Name>
			<Value>RESOURCE_EDEN_PIECE</Value>
		</Row>
	</ModifierArguments>
	
</GameData>
