<?xml version="1.0" encoding="utf-8"?>
<!-- Assassins_UnitPromotions -->
<!-- Author: yiboy -->
<!-- DateCreated: 11/9/2022 10:56:26 PM -->
<GameData>
	<Types>
		<Row Type="PROMOTION_CLASS_ASSASSIN" Kind="KIND_PROMOTION_CLASS"/>
		
		<Row Type="PROMOTION_ASSASSIN_EAGLE_EYE" Kind="KIND_PROMOTION"/>
		<Row Type="PROMOTION_ASSASSIN_SHADE" Kind="KIND_PROMOTION"/>
		<Row Type="PROMOTION_ASSASSIN_BROTHERHOOD" Kind="KIND_PROMOTION"/>
		<Row Type="PROMOTION_ASSASSIN_HIDDEN_BLADE" Kind="KIND_PROMOTION"/>
		<Row Type="PROMOTION_ASSASSIN_LEAP_OF_FAITH" Kind="KIND_PROMOTION"/>
		<Row Type="PROMOTION_ASSASSIN_MASTER" Kind="KIND_PROMOTION"/>
	</Types>

	<UnitPromotionClasses>
		<Row PromotionClassType="PROMOTION_CLASS_ASSASSIN" Name="LOC_PROMOTION_CLASS_ASSASSIN_NAME"/>
	</UnitPromotionClasses>

	<UnitPromotions>
		<Row UnitPromotionType="PROMOTION_ASSASSIN_EAGLE_EYE" Name="LOC_PROMOTION_ASSASSIN_EAGLE_EYE_NAME" Description="LOC_PROMOTION_ASSASSIN_EAGLE_EYE_DESCRIPTION" Level="1" Column="3" Specialization="" PromotionClass="PROMOTION_CLASS_ASSASSIN"/>
		<Row UnitPromotionType="PROMOTION_ASSASSIN_SHADE" Name="LOC_PROMOTION_ASSASSIN_SHADE_NAME" Description="LOC_PROMOTION_ASSASSIN_SHADE_DESCRIPTION" Level="1" Column="1" Specialization="" PromotionClass="PROMOTION_CLASS_ASSASSIN"/>		
		<Row UnitPromotionType="PROMOTION_ASSASSIN_BROTHERHOOD" Name="LOC_PROMOTION_ASSASSIN_BROTHERHOOD_NAME" Description="LOC_PROMOTION_ASSASSIN_BROTHERHOOD_DESCRIPTION" Level="2" Column="2" Specialization="" PromotionClass="PROMOTION_CLASS_ASSASSIN"/>
		<Row UnitPromotionType="PROMOTION_ASSASSIN_HIDDEN_BLADE" Name="LOC_PROMOTION_ASSASSIN_HIDDEN_BLADE_NAME" Description="LOC_PROMOTION_ASSASSIN_HIDDEN_BLADE_DESCRIPTION" Level="3" Column="3" Specialization="" PromotionClass="PROMOTION_CLASS_ASSASSIN"/>
		<Row UnitPromotionType="PROMOTION_ASSASSIN_LEAP_OF_FAITH" Name="LOC_PROMOTION_ASSASSIN_LEAP_OF_FAITH_NAME" Description="LOC_PROMOTION_ASSASSIN_LEAP_OF_FAITH_DESCRIPTION" Level="3" Column="1" Specialization="" PromotionClass="PROMOTION_CLASS_ASSASSIN"/>	
		<Row UnitPromotionType="PROMOTION_ASSASSIN_MASTER" Name="LOC_PROMOTION_ASSASSIN_MASTER_NAME" Description="LOC_PROMOTION_ASSASSIN_MASTER_DESCRIPTION" Level="4" Column="2" Specialization="" PromotionClass="PROMOTION_CLASS_ASSASSIN"/>
	</UnitPromotions>
	<UnitPromotionPrereqs>
		<Row UnitPromotion="PROMOTION_ASSASSIN_BROTHERHOOD" PrereqUnitPromotion="PROMOTION_ASSASSIN_EAGLE_EYE"/>
		<Row UnitPromotion="PROMOTION_ASSASSIN_BROTHERHOOD" PrereqUnitPromotion="PROMOTION_ASSASSIN_SHADE"/>
		<Row UnitPromotion="PROMOTION_ASSASSIN_HIDDEN_BLADE" PrereqUnitPromotion="PROMOTION_ASSASSIN_BROTHERHOOD"/>
		<Row UnitPromotion="PROMOTION_ASSASSIN_LEAP_OF_FAITH" PrereqUnitPromotion="PROMOTION_ASSASSIN_BROTHERHOOD"/>
		<Row UnitPromotion="PROMOTION_ASSASSIN_MASTER" PrereqUnitPromotion="PROMOTION_ASSASSIN_LEAP_OF_FAITH"/>
		<Row UnitPromotion="PROMOTION_ASSASSIN_MASTER" PrereqUnitPromotion="PROMOTION_ASSASSIN_HIDDEN_BLADE"/>
	</UnitPromotionPrereqs>


	<UnitPromotionModifiers>
		<!--鹰眼-->
		<Row>
			<UnitPromotionType>PROMOTION_ASSASSIN_EAGLE_EYE</UnitPromotionType>
			<ModifierId>Modifier_ASSASSIN_Eagle_Eye</ModifierId>
		</Row>
		<Row>
			<UnitPromotionType>PROMOTION_ASSASSIN_EAGLE_EYE</UnitPromotionType>
			<ModifierId>Modifier_ASSASSIN_Eagle_Eye_On_Hills</ModifierId>
		</Row>
		<!--同袍-->
		<Row>
			<UnitPromotionType>PROMOTION_ASSASSIN_BROTHERHOOD</UnitPromotionType>
			<ModifierId>Modifier_ASSASSIN_Brotherhood</ModifierId>
		</Row>
		
		<!--潜行-->
		<Row>
			<UnitPromotionType>PROMOTION_ASSASSIN_SHADE</UnitPromotionType>
			<ModifierId>Modifier_ASSASSIN_Movement_ENEMY_TERRITORY</ModifierId>
		</Row>
		<Row>
			<UnitPromotionType>PROMOTION_ASSASSIN_SHADE</UnitPromotionType>
			<ModifierId>Modifier_ASSASSIN_Ignore_Zoc_Attach</ModifierId>
		</Row>
		
		<!--信仰之跃-->
		<Row>
			<UnitPromotionType>PROMOTION_ASSASSIN_LEAP_OF_FAITH</UnitPromotionType>
			<ModifierId>Modifier_ASSASSIN_Jump_Ability</ModifierId>
		</Row>
		<Row>
			<UnitPromotionType>PROMOTION_ASSASSIN_LEAP_OF_FAITH</UnitPromotionType>
			<ModifierId>ALPINE_IGNORE_HILLS_MOVEMENT_PENALTY</ModifierId>
		</Row>
		
		<!--刺客大师-->
		<Row>
			<UnitPromotionType>PROMOTION_ASSASSIN_MASTER</UnitPromotionType>
			<ModifierId>Modifier_ASSASSIN_Bonus_Movement</ModifierId>
		</Row>
		<Row>
			<UnitPromotionType>PROMOTION_ASSASSIN_MASTER</UnitPromotionType>
			<ModifierId>Modifier_ASSASSIN_Advanced_Pillaging</ModifierId>
		</Row>

	</UnitPromotionModifiers>


	<Modifiers>
		<!--鹰眼-->
		<Row>
			<ModifierId>Modifier_ASSASSIN_Eagle_Eye</ModifierId>
			<ModifierType>MODIFIER_PLAYER_UNIT_ADJUST_SIGHT</ModifierType>
		</Row>
		<Row>
			<ModifierId>Modifier_ASSASSIN_Eagle_Eye_On_Hills</ModifierId>
			<ModifierType>MODIFIER_PLAYER_UNIT_ADJUST_SIGHT</ModifierType>
			<SubjectRequirementSetId>ReqSet_ASSASSIN_Plot_Is_Hills</SubjectRequirementSetId>
		</Row>
		<!--同袍-->
		<Row>
			<ModifierId>Modifier_ASSASSIN_Brotherhood</ModifierId>
			<ModifierType>MODIFIER_SINGLE_UNIT_ATTACH_MODIFIER</ModifierType>
			<SubjectRequirementSetId>ReqSet_Plot_Adjacent_Assassin</SubjectRequirementSetId>
		</Row>
		<Row>
			<ModifierId>Modifier_ASSASSIN_Brotherhood_Combat_Strength</ModifierId>
			<ModifierType>MODIFIER_UNIT_ADJUST_COMBAT_STRENGTH</ModifierType>
		</Row>
		<!--潜行-->
		<Row>
			<ModifierId>Modifier_ASSASSIN_Movement_ENEMY_TERRITORY</ModifierId>
			<ModifierType>MODIFIER_PLAYER_UNIT_ADJUST_MOVEMENT</ModifierType>
			<SubjectRequirementSetId>BERSERKER_PLOT_IS_ENEMY_TERRITORY</SubjectRequirementSetId>
		</Row>
		<Row>
			<ModifierId>Modifier_ASSASSIN_Ignore_Zoc_Attach</ModifierId>
			<ModifierType>MODIFIER_SINGLE_UNIT_ATTACH_MODIFIER</ModifierType>
		</Row>
		<Row>
			<ModifierId>Modifier_ASSASSIN_Ignore_Zoc</ModifierId>
			<ModifierType>MODIFIER_PLAYER_UNIT_ADJUST_IGNORE_ZOC</ModifierType>
		</Row>
		

		<Row>
			<ModifierId>Modifier_ASSASSIN_Jump_Ability</ModifierId>
			<ModifierType>MODIFIER_SINGLE_UNIT_ADJUST_JUMP_DISTANCE</ModifierType>
		</Row>

		<Row>
			<ModifierId>Modifier_ASSASSIN_Bonus_Movement</ModifierId>
			<ModifierType>MODIFIER_PLAYER_UNIT_ADJUST_MOVEMENT</ModifierType>
		</Row>

		<Row>
			<ModifierId>Modifier_ASSASSIN_Advanced_Pillaging</ModifierId>
			<ModifierType>MODIFIER_PLAYER_UNIT_ADJUST_ADVANCED_PILLAGING</ModifierType>
		</Row>

	</Modifiers>


	<ModifierArguments>
		<!--鹰眼-->
		<Row>
			<ModifierId>Modifier_ASSASSIN_Eagle_Eye</ModifierId>
			<Name>Amount</Name>
			<Value>1</Value>
		</Row>
		<Row>
			<ModifierId>Modifier_ASSASSIN_Eagle_Eye_On_Hills</ModifierId>
			<Name>Amount</Name>
			<Value>1</Value>
		</Row>
		
		<!--同袍-->
		<Row>
			<ModifierId>Modifier_ASSASSIN_Brotherhood</ModifierId>
			<Name>ModifierId</Name>
			<Value>Modifier_ASSASSIN_Brotherhood_Combat_Strength</Value>
		</Row>
		<Row>
			<ModifierId>Modifier_ASSASSIN_Brotherhood_Combat_Strength</ModifierId>
			<Name>Amount</Name>
			<Value>7</Value>
		</Row>
		
		<!--潜行-->
		<Row>
			<ModifierId>Modifier_ASSASSIN_Movement_ENEMY_TERRITORY</ModifierId>
			<Name>Amount</Name>
			<Value>1</Value>
		</Row>
		<Row>
			<ModifierId>Modifier_ASSASSIN_Ignore_Zoc_Attach</ModifierId>
			<Name>ModifierId</Name>
			<Value>Modifier_ASSASSIN_Ignore_Zoc</Value>
		</Row>
		<Row>
			<ModifierId>Modifier_ASSASSIN_Ignore_Zoc</ModifierId>
			<Name>Ignore</Name>
			<Value>true</Value>
		</Row>
		<!--信仰之跃-->
		<Row>
			<ModifierId>Modifier_ASSASSIN_Jump_Ability</ModifierId>
			<Name>Range</Name>
			<Value>2</Value>
		</Row>

		<Row>
			<ModifierId>Modifier_ASSASSIN_Bonus_Movement</ModifierId>
			<Name>Amount</Name>
			<Value>1</Value>
		</Row>
		<!--刺客大师-->
		<Row>
			<ModifierId>Modifier_ASSASSIN_Advanced_Pillaging</ModifierId>
			<Name>UseAdvancedPillaging</Name>
			<Value>true</Value>
		</Row>
	</ModifierArguments>

	<RequirementSets>
		<Row>
			<RequirementSetId>ReqSet_ASSASSIN_Plot_Is_Hills</RequirementSetId>
			<RequirementSetType>REQUIREMENTSET_TEST_ALL</RequirementSetType>
		</Row>
		<Row>
			<RequirementSetId>ReqSet_Plot_Adjacent_Assassin</RequirementSetId>
			<RequirementSetType>REQUIREMENTSET_TEST_ALL</RequirementSetType>
		</Row>
	</RequirementSets>

	<RequirementSetRequirements>
		<Row>
			<RequirementSetId>ReqSet_ASSASSIN_Plot_Is_Hills</RequirementSetId>
			<RequirementId>Req_ASSASSIN_Plot_Is_Hills</RequirementId>
		</Row>
		<Row>
			<RequirementSetId>ReqSet_Plot_Adjacent_Assassin</RequirementSetId>
			<RequirementId>Req_UNIT_NEXT_TO_ASSASSIN</RequirementId>
		</Row>
		
	</RequirementSetRequirements>

	<Requirements>
		<Row>
			<RequirementId>Req_ASSASSIN_Plot_Is_Hills</RequirementId>
			<RequirementType>REQUIREMENT_PLOT_IS_HILLS</RequirementType>
		</Row>
		<Row>
			<RequirementId>Req_UNIT_NEXT_TO_ASSASSIN</RequirementId>
			<RequirementType>REQUIREMENT_PLOT_ADJACENT_FRIENDLY_UNIT_TYPE_MATCHES</RequirementType>
		</Row>
	</Requirements>

	<RequirementArguments>
		<Row>
			<RequirementId>Req_UNIT_NEXT_TO_ASSASSIN</RequirementId>
			<Name>UnitType</Name>
			<Value>UNIT_ASSASSIN</Value>
		</Row>
	</RequirementArguments>

	<ModifierStrings>
		<Row ModifierId="Modifier_ASSASSIN_Brotherhood_Combat_Strength" Context="Preview" Text="{LOC_PROMOTION_ASSASSIN_BROTHERHOOD_PREVIEW}"/>
		
	</ModifierStrings>
</GameData>
