<?xml version="1.0" encoding="utf-8"?>
<!-- Assassins_Text_en_US -->
<!-- Author: yiboy -->
<!-- DateCreated: 11/18/2022 10:53:50 AM -->
<GameData>
	<LocalizedText>
		<!--Overview-->
		<Replace Tag="LOC_SECRETSOCIETY_ASSASSINS_NAME" Language="en_US">
			<Text>Assassin Brotherhood</Text>
		</Replace>

		<Replace Tag="LOC_SECRETSOCIETY_ASSASSINS_DESCRIPTION" Language="en_US">
			<Text>The Assassin Brotherhood, also known as the Assassin Order and originally as the Hidden Ones, is a secret global peacekeeping organization dedicated to protecting humanity from abuses of power, coercive rule, and injustice. They focus on stealth operations and assassination.</Text>
		</Replace>

		<Replace Tag="LOC_SECRETSOCIETY_ASSASSINS_SHORT_NAME" Language="en_US">
			<Text>Assassin Brotherhood</Text>
		</Replace>

		<!--Governor Promotions-->
		<Replace Tag="LOC_GOVERNOR_PROMOTION_ASSASSINS_1_NAME" Language="en_US">
			<Text>Assassin Apprentice</Text>
		</Replace>

		<Replace Tag="LOC_GOVERNOR_PROMOTION_ASSASSINS_1_DESCRIPTION" Language="en_US">
			<Text>
				Unlocked by discovering a Tribal Village. Grants an Assassin unit in your [ICON_Capital] Capital. Reveals the Eden Piece resource on the map. Allows your Assassin to construct Eden Piece Suppress improvement. Allows you to construct the Assassin Branch building, a powerful replacement of the Monument.
			</Text>
		</Replace>

		<Replace Tag="LOC_GOVERNOR_PROMOTION_ASSASSINS_2_NAME" Language="en_US">
			<Text>Hidden Blade</Text>
		</Replace>

		<Replace Tag="LOC_GOVERNOR_PROMOTION_ASSASSINS_2_DESCRIPTION" Language="en_US">
			<Text>
				Unlocked in Medieval Era. Grants an Assassin unit in your [ICON_Capital] Capital. Unlocks the Assassin unit (Production and Gold both work). Unlocks the "Shroud of Eden" unit (Production and Gold both work). Newly trained Spies gain the "Cat Burglar" promotion.
			</Text>
		</Replace>

		<Replace Tag="LOC_GOVERNOR_PROMOTION_ASSASSINS_3_NAME" Language="en_US">
			<Text>Master Assassin</Text>
		</Replace>

		<Replace Tag="LOC_GOVERNOR_PROMOTION_ASSASSINS_3_DESCRIPTION" Language="en_US">
			<Text>
				Unlocked in Industrial Era. Grants an Assassin unit in your [ICON_Capital] Capital. Allows you to construct "the Eye" building. +1 Spy capacity. Your Spy level is increased by 1 for offensive operations. Spies gain "Informant" ability.
			</Text>
		</Replace>

		<Replace Tag="LOC_GOVERNOR_PROMOTION_ASSASSINS_4_NAME" Language="en_US">
			<Text>Mentor</Text>
		</Replace>

		<Replace Tag="LOC_GOVERNOR_PROMOTION_ASSASSINS_4_DESCRIPTION" Language="en_US">
			<Text>
				Unlocked in Atomic Era. Grants an Assassin unit in your [ICON_Capital] Capital. +1 Spy capacity. Unlocks Starting global aurora borealis device, a city project that provides [ICON_Science] Science while active, and upon completion speeds up your Exoplanet Expedition by +1 Light Year per turn, but generates CO2 and increases the probability of natural disasters.
			</Text>
		</Replace>

		<!--units-->
		<Replace Tag="LOC_UNIT_ASSASSIN_NAME" Language="en_US">
			<Text>Assassin</Text>
		</Replace>
		<Replace Tag="LOC_UNIT_ASSASSIN_DESCRIPTION" Language="en_US">
			<Text>
				Combat unit unique to the Assassin Brotherhood. Has base [ICON_Strength] Combat Strength equal to the strongest unit your cities have produced. Has unique skill tree.[NEWLINE]Invisible to most units. Reveal stealth units on the map within sight range. Can construct Eden Piece Suppress improvement. Gain "Fury of the Bloodline" ability when entering tiles adjacent to Eden Piece Suppress. Immune to damage caused by Eden Piece (that not improved).[NEWLINE][NEWLINE]The cost of training an Assassin increases rapidly with the number of copies.
			</Text>
		</Replace>
		<Replace Tag="LOC_PROMOTION_CLASS_ASSASSIN_NAME" Language="en_US">
			<Text>Assassin</Text>
		</Replace>
		<Replace Tag="LOC_PEDIA_UNITS_PAGE_UNIT_ASSASSIN_CHAPTER_HISTORY_PARA_1" Language="en_US">
			<Text>Historically, the ancestors of the Assassins existed long before time of history, possibly dating back to Adam and Eve.</Text>
		</Replace>
		<Replace Tag="LOC_PEDIA_UNITS_PAGE_UNIT_ASSASSIN_CHAPTER_HISTORY_PARA_2" Language="en_US">
			<Text>
				There were two ways of entering into the Order: through birth, like Altaïr Ibn-La'Ahad, Ezio Auditore and Desmond Miles, or through recruitment, like Assassin apprentices, Edward Kenway and Shaun Hastings.[NEWLINE]After declaring oneself an Assassin under the Creed, a trainee would be tested to prove their worth over an unspecified period of time. For example, Ezio was tasked with hunting down Templar conspirators over years before he was officially inducted, whereas Assassin apprentices had to gain enough experience in their contract missions across the world before joining the Assassins Guild as fully-fledged members.
			</Text>
		</Replace>
		<Replace Tag="LOC_PEDIA_UNITS_PAGE_UNIT_ASSASSIN_CHAPTER_HISTORY_PARA_3" Language="en_US">
			<Text>
				The Assassins spent their entire lives training to kill. From an early age, they were taught to observe their surroundings and plan ahead. Combat skills were essential and focused on bladed weaponry. However, the most important consideration in the Assassins' training was concealment. Stealth was the greatest weapon of the Assassins, and everything about their lives emphasized a devotion to it. It was essential for an Assassin to be able to reach their target unnoticed and then slip back into the crowd after they had struck.[NEWLINE]Another significant focus of an Assassin's training was maneuverability. By the time an Assassin reached the rank of Master Assassin, they were also a master of freerunning, an early form of parkour extensively utilized by the Assassins. Widely seen as alien by the general populace, this method of movement allowed the Assassins to reach areas not otherwise accessible. Freerunning gave the Assassins a significant advantage over nearly all of their enemies and city guards, and could be used to traverse crowded urban environments quickly and efficiently.
			</Text>
		</Replace>
		<Replace Tag="LOC_PEDIA_UNITS_PAGE_UNIT_ASSASSIN_CHAPTER_HISTORY_PARA_4" Language="en_US">
			<Text>
				However, not all Assassins were trained from birth, particularly those recruited later in life. Trainees had to learn the ways of their craft through personal experience and the teachings from other Assassins in the field. For example, Ezio learned many techniques from other Assassins and allies like Paola, his uncle Mario Auditore and the thief Rosa, as well as several fundamental assassination techniques through reading Altaïr's Codex. Centuries later, Edward Kenway used skills learned through piracy to better himself as an Assassin.[NEWLINE]Unlike certain other factions, the Assassins did not have a specific style of fighting. Aside from their signature Hidden Blade, each branch used weapons and fighting styles native to the area. For example, the Ottoman Assassins favored curved daggers, while the Chinese Assassins were trained in wushu.
			</Text>
		</Replace>
		<Replace Tag="LOC_PEDIA_UNITS_PAGE_UNIT_ASSASSIN_CHAPTER_HISTORY_PARA_5" Language="en_US">
			<Text>
				Throughout the ages, the Brotherhood has had many weapons at its disposal. During ancient times, the Assassins did not have any standard attire or equipment, but ancient Assassins were known for using spears, poisons, bows, and other armaments. By the time of the High Middle Ages, they had assumed white as their general color and robes with beaked hoods as their common clothing.[NEWLINE]This age also marked the appearance of the Assassins' signature weapon, the Hidden Blade, a retractable blade first conceptualized by Darius. Other weapons used by the Assassins included swords, short blades and thReplaceing knives, though the Order forbade the use of poison as "a coward's tool". Many such rules changed under the leadership of Altaïr, who pioneered several inventions and techniques with the assistance of an Apple of Eden. These included the Poison Blade, the Hidden Gun, and new types of assassinations which dramatically altered the practices of the Order.
			</Text>
		</Replace>
		<Replace Tag="LOC_PEDIA_UNITS_PAGE_UNIT_ASSASSIN_CHAPTER_HISTORY_PARA_6" Language="en_US">
			<Text>
				From the Renaissance onward, the Assassins' equipment did not change significantly, but some weapons were added to their arsenal. The use of armor over robes had become popular, although the white robes with beaked hoods persisted. Ezio Auditore and other Italian Assassins used a Hidden Gun, crossbow, poison darts, smoke bombs, and a secondary Hidden Blade, among more conventional weapons like swords and knives. Some regions also had unique weapons not seen elsewhere, like the tomahawk of Ratonhnhaké:ton or Hookblades used in the early 16th century Ottoman Empire. Still others, such as the Caribbean Assassins, did not have beaked hoods as part of their standard attire.[NEWLINE]Under the Mentorship of the Sikh Jayadeep Mir, the British Brotherhood adopted the fear tactics developed by the Indian Brotherhood, began utilizing fear tactics through the employment of hallucinogens and fear bombs. By scaring enemies from battle, the Indian and British Assassins could avoid being forced to kill them, thereby mitigating casualties.
			</Text>
		</Replace>
		<Replace Tag="LOC_PEDIA_UNITS_PAGE_UNIT_ASSASSIN_CHAPTER_HISTORY_PARA_7" Language="en_US">
			<Text>
				In modern times, Assassins followed the rest of society into the new era. As technology progressed, guns became commonplace and computers became prevalent, with Assassins like Rebecca Crane and Hannah Mueller specializing in their use. While Desmond Miles was being held by Abstergo Industries within their Roman facility, a small group of Assassins attempted to rescue him, armed with automatic weapons.
			</Text>
		</Replace>

		<Replace Tag="LOC_UNIT_THE_SHROUD_OF_EDEN_NAME" Language="en_US">
			<Text>Shroud of Eden</Text>
		</Replace>
		<Replace Tag="LOC_UNIT_THE_SHROUD_OF_EDEN_DESCRIPTION" Language="en_US">
			<Text>Support unit unique to the Assassin Brotherhood. Can heal adjacent units, but units on same tile will be killed directly.</Text>
		</Replace>
		<Replace Tag="LOC_PEDIA_UNITS_PAGE_UNIT_THE_SHROUD_OF_EDEN_CHAPTER_HISTORY_PARA_1" Language="en_US">
			<Text>
				The Shrouds of Eden are Pieces of Eden shaped like cloths capable of restoration and healing. The Shrouds are nanotech matter regenerators designed by the Isu Consus, who created the original in the year 1923 of the Isu Era. His own consciousness was stored inside the original Shroud, resulting in his ability to possess the bodies of the artifact's users temporarily upon activation.[NEWLINE]The original Shroud was described as a white cloth stained with blood, which was usually kept in a simple wooden box. The shape of a seemingly tortured man was also burned onto its surface, positioned with arms to his sides and palms forward. However, Church records noted that the man's visage changed multiple times throughout history.
			</Text>
		</Replace>
		<Replace Tag="LOC_PEDIA_UNITS_PAGE_UNIT_THE_SHROUD_OF_EDEN_CHAPTER_HISTORY_PARA_2" Language="en_US">
			<Text>
				The Shroud has been used to heal wounds of varying severity, mending injuries ranging from stab wounds to birth defects. It spoke in an almost kind voice that constantly offered healing, and urged its users to disregard their own physical frailty. Despite the rumors of its abilities to do so, it could not be used to bring a being back to life. However, it could reanimate bodies to a small degree for a short amount of time.[NEWLINE]The Shroud was also known to cause severe hallucinations in those who had used it, and (in extreme cases, such as that of Niccolò di Pitigliano) could also seem to tear a person from the inside out.[NEWLINE]According to analysis by Abstergo Industries, when a Shroud is wrapped around a body, it scans it for damage, then reconstructs it on a cellular level, enabling potential reconstruction of decomposed organisms and, possibly, resurrection of deceased members of the First Civilization.
			</Text>
		</Replace>
		<Replace Tag="LOC_THE_SHROUD_OF_EDEN_CURSE" Language="en_US">
			<Text>Curse of the Shroud</Text>
		</Replace>

		<!--resource and improvement-->
		<Replace Tag="LOC_RESOURCE_EDEN_PIECE_NAME" Language="en_US">
			<Text>Eden Piece</Text>
		</Replace>
		<Replace Tag="LOC_PEDIA_RESOURCES_PAGE_RESOURCE_EDEN_PIECE_CHAPTER_HISTORY_PARA_1" Language="en_US">
			<Text>
				Unique bonus resource, +1 [ICON_Faith] Faith, revealed by Iron Working. Available improvements include Farm, Mine and Eden Piece Suppress and so on. Eden Pieces (that are not improved) cause damage to units on the tile (-10 per turn， but not fatal).
			</Text>
		</Replace>
		<Replace Tag="LOC_PEDIA_RESOURCES_PAGE_RESOURCE_EDEN_PIECE_CHAPTER_HISTORY_PARA_2" Language="en_US">
			<Text>
				A Piece of Eden is a type of sophisticated technology created by the Isu which reacts with the network of neurotransmitters engineered into human brains. With the notable exception of the Shrouds of Eden, the majority of the Pieces of Eden were designed for the primary purpose of mentally and physically controlling human thoughts, emotions, and behavior. They were, therefore, the main instrument by which the Isu forced the humans to serve as slaves.
			</Text>
		</Replace>
		<Replace Tag="LOC_PEDIA_RESOURCES_PAGE_RESOURCE_EDEN_PIECE_CHAPTER_HISTORY_PARA_3" Language="en_US">
			<Text>
				The powers of the Pieces of Eden have mystified humanity over millennia, enough for them to conflate them with "magic" throughout history. The extinction of the Isu civilization following the Great Catastrophe only reinforced this, as memories of the Isu faded into legends and myths. Since humans lack the technological expertise to reproduce these devices, they have long been the subject of innumerable conflicts between rival humans seeking them for their own ends. In particular, they are a central obsession of the Templar Order, which has devoted much of their resources to searching and seizing these artifacts in their quest for world domination.
			</Text>
		</Replace>

		<Replace Tag="LOC_IMPROVEMENT_EDEN_PIECE_SUPPRESS_NAME" Language="en_US">
			<Text>Eden Piece Suppress</Text>
		</Replace>
		<Replace Tag="LOC_IMPROVEMENT_EDEN_PIECE_SUPPRESS_DESCRIPTION" Language="en_US">
			<Text>
				Improvement unique to the Assassin Brotherhood，can only be built by Assassins. +2 [ICON_Faith] Faith to adjacent tiles.[NEWLINE][NEWLINE]+2 [ICON_Food] Food to adjacent tiles after researching Irrigation.+2 [ICON_Gold] Gold to adjacent tiles after researching Currency.+2 [ICON_Production] Production to adjacent tiles after discovering Theology.+2 [ICON_Culture] Culture to adjacent tiles after discovering the Enlightment. +2 [ICON_Science] Science to adjacent tiles after researching Scientific Theory.[NEWLINE][NEWLINE]+1 Appeal. Can only be built on Eden Piece Resource. Can be built outside the territory. This tile cannot be worked.
			</Text>
		</Replace>
		<Replace Tag="LOC_PEDIA_IMPROVEMENTS_PAGE_IMPROVEMENT_EDEN_PIECE_SUPPRESS_CHAPTER_HISTORY_PARA_1" Language="en_US">
			<Text>
				Something that suppresses the effect of the Piece of Eden, like a seal, a place to hide. I came up with it as an unique improvement.
			</Text>
		</Replace>
		<Replace Tag="LOC_EDEN_PIECE_DAMAGE" Language="en_US">
			<Text>Damage from Eden Piece</Text>
		</Replace>

		<!--buildings-->
		<Replace Tag="LOC_BUILDING_ASSASSINS_BRANCH_NAME" Language="en_US">
			<Text>Assassin Branch</Text>
		</Replace>
		<Replace Tag="LOC_BUILDING_ASSASSINS_BRANCH_DESCRIPTION" Language="en_US">
			<Text>
				Unique to the Assassin Brotherhood, replaces the Monument. +1 [ICON_Culture] Culture, +1 Influence Points per turn. +1 universal Greatwork slot. Provides +1 Loyalty per turn in this city. If the city already has maximum Loyalty, also provides an additional +1 [ICON_Culture] Culture.[NEWLINE][NEWLINE]Enemy Spy's level is reduced by 1 when targeting this city. If this city has Encampment, +1 [ICON_GreatGeneral] GreatGeneral Point. If this city has Harbor, +1 [ICON_GreatAdmiral] GreatAdmiral Point.
			</Text>
		</Replace>
		<Replace Tag="LOC_PEDIA_BUILDINGS_PAGE_BUILDING_ASSASSINS_BRANCH_CHAPTER_HISTORY_PARA_1" Language="en_US">
			<Text>
				The Assassin Brotherhood has branches all over the world, for example, in Egypt, the Levant, and France, etc.
			</Text>
		</Replace>
		<Replace Tag="LOC_BUILDING_THE_EYE_NAME" Language="en_US">
			<Text>The Eye</Text>
		</Replace>
		<Replace Tag="LOC_BUILDING_THE_EYE_DESCRIPTION" Language="en_US">
			<Text>
				Unique to the Assassin Brotherhood. Provides one more level of diplomatic visibility on all other civilizations. If this city has full power, it gets +100% adjacency from Campus and Industrial Zone, +10% [ICON_Science] Science.[NEWLINE]Can only build once. When constructed, permanently gain visibility within three tiles of all Eden Suppress improvements (also work for those built later).
			</Text>
		</Replace>
		<Replace Tag="LOC_PEDIA_BUILDINGS_PAGE_BUILDING_THE_EYE_CHAPTER_HISTORY_PARA_1" Language="en_US">
			<Text>
				An Eye was a set of Isu technology that granted the Isu the ability to foretell the future through the calculations of innumerable possibilities. Created by the Isu scientist Minerva, the Eyes were described by her as "divination by numbers" and were so precise that its users could anticipate exact responses to their recordings in the future. In this way, they could interact with future beings as though they were speaking to them in real-time, allowing them to influence the future.[NEWLINE]One component of an Eye was discovered by humans and became known as the Antikythera mechanism.
			</Text>
		</Replace>
		<Replace Tag="LOC_PEDIA_BUILDINGS_PAGE_BUILDING_THE_EYE_CHAPTER_HISTORY_PARA_2" Language="en_US">
			<Text>
				While working alongside Juno and Jupiter to investigate solutions for the pending catastrophe in 75,000 BCE, Minerva used the first Eye in an effort to save the world from the inevitable second disaster which she had calculated to take place in 2012 CE. With the Eye, she identified Desmond Miles as the individual who would be most likely of preventing the disaster.[NEWLINE][NEWLINE]Knowing Desmond would eventually relive the genetic memories of his ancestor Ezio Auditore through an Animus, Minerva used the Eye to appear before Ezio in the Vatican Vault on 28 December 1499 with a message for his descendant, warning him of the impeding solar flare. Eventually, Juno began to tamper with the device, prompting Minerva and Jupiter to destroy it and imprison Juno inside the Grand Temple.[NEWLINE][NEWLINE]In the 870s, Eivor Varinsdottir of the Raven Clan who had inherited Odin's genetic memories via the "seventh solution" experienced herbal concoction induced visions, in which one of she, as Havi, saw Minerva in her appearance as Gunlodr use the Eye to contact Ezio.[NEWLINE][NEWLINE]In the mid-19th century, mentions of an Eye were discussed between Irish Assassin Oscar Kane and his apprentice Simeon Price to be most likely found in Assyria as Kane spoke of another Eye noted by the Templars. Kane mentioned his funding to excavate the site where the Eye might be found. By 1858, mentions of the Eye were found to be in Paris as the Parisian Brotherhood mostly focused on its retrieval. Kane soon assisted the Assassins to find it, but with him taking it first before the Assassins and Templars.[NEWLINE][NEWLINE]By 1861, the Eye was mentioned to be inspected in the British Museum in London. Yet, Kane still obtained it. Meanwhile, Price's apprentice, Pierrette Arnaud, was later abducted by the Templar countess Konstanze von Visler and forced to decipher Ada Lovelace's notes of another Eye being in a temple beneath Bath. However, by investigation, Kane ventured and found the temple but the Eye was long gone, either by the Templars or by another party.[NEWLINE][NEWLINE]After Juno was imprisoned, Minerva created a second Eye to reach out to Desmond once more on 21 December 2012, to determine whether he found a solution to prevent a second disaster. She discovered that Juno, whose consciousness had been digitally stored inside the temple, had been manipulating Desmond. Minerva urged Desmond not to use the global aurora borealis device, which would save the world from the solar flare but also free Juno from imprisonment, claiming that the world's destruction was better than Juno's release. In the end, Desmond decided to save the world, trusting that humanity would be able to counter Juno's threat.[NEWLINE][NEWLINE]In 2013, after researching the Eyes, Abstergo Industries discovered that the devices would have been extremely difficult to use due to the nature of the calculations, and would have required hundreds of thousands of trials to calculate events so far in the future.[NEWLINE][NEWLINE]In 2018, Assassin Layla Hassan and her assistant Alannah Ryan mistakenly identified the global aurora borealis device as the Eye and corresponded as such in their research notes on Aletheia.
			</Text>
		</Replace>
		<Replace Tag="LOC_VIZSOURCE_THE_EYE" Language="en_US">
			<Text>Your Building The Eye</Text>
		</Replace>
		<Replace Tag="LOC_VIZSOURCE_ACTION_THE_EYE" Language="en_US">
			<Text>To build The Eye building</Text>
		</Replace>
		<Replace Tag="LOC_GOSSIP_SOURCE_THE_EYE" Language="en_US">
			<Text>Recently, you know from The Eye that</Text>
		</Replace>
		<Replace Tag="LOC_BUILDING_EDEN_PIECE_RESEARCH_LAB_NAME" Language="en_US">
			<Text>Eden Piece Research Lab</Text>
		</Replace>
		<Replace Tag="LOC_BUILDING_EDEN_PIECE_RESEARCH_LAB_DESCRIPTION" Language="en_US">
			<Text>
				Unique building when Assassins Mod is on. +1000[ICON_Science] Science, -100 [ICON_Gold] Gold per turn. Requires Campus.
			</Text>
		</Replace>
		<Replace Tag="LOC_PEDIA_BUILDINGS_PAGE_BUILDING_EDEN_PIECE_RESEARCH_LAB_CHAPTER_HISTORY_PARA_1" Language="en_US">
			<Text>
				This building was not originally planned to do. I want to make an unique building that does not replace the original building, but there is no corresponding method in the game.[NEWLINE]To turn this problem into a known problem, I introduced a virtual college district building. It is set at a high cost, so that it does not affect the game, and can be replaced by "The Eye" building.[NEWLINE] I actually considered making a new wonder before, but I thought that it would pollute the list of wonders, and at the same time, it would not be possible to unlock buildings with the promotion of the Assassins Governor. Please forgive me.
			</Text>
		</Replace>


		<!--unit abilities and promotions-->
		<Replace Tag="LOC_ABILITY_ASSASSIN_EDEN_PIECE_SUPPRESS_COMBAT_BONUS_NAME" Language="en_US">
			<Text>Fury of the Bloodline</Text>
		</Replace>
		<Replace Tag="LOC_ABILITY_ASSASSIN_EDEN_PIECE_SUPPRESS_COMBAT_BONUS_DESCRIPTION" Language="en_US">
			<Text>+5 [ICON_Strength] Combat Strength (Fury of the Bloodline).</Text>
		</Replace>
		<Replace Tag="LOC_ABILITY_ASSASSIN_EDEN_PIECE_SUPPRESS_COMBAT_BONUS_PREVIEW" Language="en_US">
			<Text>+5 [ICON_Strength] Combat Strength from "Fury of the Bloodline".</Text>
		</Replace>

		<Replace Tag="LOC_ABILITY_SPY_ASSASSIN_BONUS_NAME" Language="en_US">
			<Text>Help from spy</Text>
		</Replace>
		<Replace Tag="LOC_ABILITY_SPY_ASSASSIN_BONUS_DESCRIPTION" Language="en_US">
			<Text>Spy nearby provide +5[ICON_Strength] Combat Strength.</Text>
		</Replace>
		<Replace Tag="LOC_ABILITY_SPY_ASSASSIN_BONUS_PREVIEW" Language="en_US">
			<Text>+5[ICON_Strength] Combat Strength from spy.</Text>
		</Replace>

		<Replace Tag="LOC_ABILITY_SPY_ASSASSIN_GRANT_BONUS_NAME" Language="en_US">
			<Text>Help assassins</Text>
		</Replace>
		<Replace Tag="LOC_ABILITY_SPY_ASSASSIN_GRANT_BONUS_DESCRIPTION" Language="en_US">
			<Text>+5 [ICON_Strength] Combat Strength to Assassins within 2 tiles</Text>
		</Replace>

		<Replace Tag="LOC_ABILITY_THE_SHROUD_OF_EDEN_HEAL_BONUS_NAME" Language="en_US">
			<Text>Blessing and Curse from The Shroud of Eden</Text>
		</Replace>
		<Replace Tag="LOC_ABILITY_THE_SHROUD_OF_EDEN_HEAL_BONUS_DESCRIPTION" Language="en_US">
			<Text>Units adjacent to The Shroud of Eden can heal in one turn, but units on same tile will be killed directly.</Text>
		</Replace>

		<Replace Tag="LOC_PROMOTION_ASSASSIN_EAGLE_EYE_NAME" Language="en_US">
			<Text>Eyes of eagle</Text>
		</Replace>
		<Replace Tag="LOC_PROMOTION_ASSASSIN_EAGLE_EYE_DESCRIPTION" Language="en_US">
			<Text>+1 sight range, when on hills +2 sight range.</Text>
		</Replace>
		<Replace Tag="LOC_PROMOTION_ASSASSIN_SHADE_NAME" Language="en_US">
			<Text>Stealth Master</Text>
		</Replace>
		<Replace Tag="LOC_PROMOTION_ASSASSIN_SHADE_DESCRIPTION" Language="en_US">
			<Text>+1 [ICON_Movement] Movement if starts in enemy territory. Ignore zone of control.</Text>
		</Replace>

		<Replace Tag="LOC_PROMOTION_ASSASSIN_BROTHERHOOD_NAME" Language="en_US">
			<Text>Fight together</Text>
		</Replace>
		<Replace Tag="LOC_PROMOTION_ASSASSIN_BROTHERHOOD_DESCRIPTION" Language="en_US">
			<Text>+7 [ICON_Strength] Combat Strength when adjacent to another Assassin.</Text>
		</Replace>
		<Replace Tag="LOC_PROMOTION_ASSASSIN_BROTHERHOOD_PREVIEW" Language="en_US">
			<Text>+7 [ICON_Strength] Combat Strength from adjacent Assassin.</Text>
		</Replace>

		<Replace Tag="LOC_PROMOTION_ASSASSIN_LEAP_OF_FAITH_NAME" Language="en_US">
			<Text>Leap of Faith</Text>
		</Replace>
		<Replace Tag="LOC_PROMOTION_ASSASSIN_LEAP_OF_FAITH_DESCRIPTION" Language="en_US">
			<Text>Hills cost Assassin only 1 [ICON_Movement] Movement. Can perform a Jump action to cross over mountain terrain.</Text>
		</Replace>

		<Replace Tag="LOC_PROMOTION_ASSASSIN_HIDDEN_BLADE_NAME" Language="en_US">
			<Text>Hidden Blade Killing</Text>
		</Replace>
		<Replace Tag="LOC_PROMOTION_ASSASSIN_HIDDEN_BLADE_DESCRIPTION" Language="en_US">
			<Text>When in active attack, after attack, if enemy unit health is less than 12*Assassin Governor Promotion number, Assassin kills the unit directly, restores some health and gains EXP. </Text>
		</Replace>
		<Replace Tag="LOC_HIDDEN_BLADE_KILL" Language="en_US">
			<Text>Killed by the Hidden Blade</Text>
		</Replace>

		<Replace Tag="LOC_PROMOTION_ASSASSIN_MASTER_NAME" Language="en_US">
			<Text>Assassin master</Text>
		</Replace>
		<Replace Tag="LOC_PROMOTION_ASSASSIN_MASTER_DESCRIPTION" Language="en_US">
			<Text>+1 [ICON_Movement] Movement, pillaging costs Assassins 1 [ICON_Movement] Movement</Text>
		</Replace>

		<!--projects-->
		<Replace Tag="LOC_PROJECT_STARTING_GLOBAL_AURORA_BOREALIS_DEVICE_NAME" Language="en_US">
			<Text>Starting global aurora borealis device</Text>
		</Replace>
		<Replace Tag="LOC_PROJECT_STARTING_GLOBAL_AURORA_BOREALIS_DEVICE_SHORT_NAME" Language="en_US">
			<Text>Starting global aurora borealis device</Text>
		</Replace>
		<Replace Tag="LOC_PROJECT_STARTING_GLOBAL_AURORA_BOREALIS_DEVICE_DESCRIPTION" Language="en_US">
			<Text>
				A city project that provides [ICON_Science] Science while active, and upon completion speeds up your Exoplanet Expedition by +1 Light Year per turn, but generates CO2 and increases the probability of natural disasters.
			</Text>
		</Replace>

		<!--Discovery and Membership-->
		<Replace Tag="LOC_SECRETSOCIETY_ASSASSINS_DISCOVERY" Language="en_US">
			<Text>
				A man in a hood appears in your palace, unflustered in the face of the guards forming the encirclement, his sleeves slightly showing a cold light. "I just thwarted an assassination plot against you. To solve these troubles once and for all, why not join us? ", he said. The visitor claims that a group called the Templars is plotting to take control of your civilization, and as an assassin in the rival organization, the Brotherhood of Assassins, he is ordered to protect you and invite you to join. You start thinking about whether to join.
			</Text>
		</Replace>

		<Replace Tag="LOC_SECRETSOCIETY_ASSASSINS_MEMBERSHIP" Language="en_US">
			<Text>
				The new friend leads you to a secret location. Under the gaze of the hooded assassins, you drink a cup of ecstasy and face your past and fears in a hallucination. Upon waking up, the seniors recited the Assassin's Creed: "Laa shay'a waqi'un mutlaq bale kouloun moumkin.". They declare that you have been given a new life as an assassin.
			</Text>
		</Replace>

		<Replace Tag="LOC_PEDIA_PAGE_GOVERNOR_ASSASSINS_CHAPTER_HISTORY_PARA_1" Language="en_US">
			<Text>
				The Assassin Brotherhood, also known as the Assassin Order and originally as the Hidden Ones, is a secret global peacekeeping organization dedicated to protecting humanity from abuses of power, coercive rule, and injustice. As the etymology of the term assassin, their traditional methods have revolved around stealth operations, selective violence, and the assassination of those deemed to be perpetrators of oppression under the belief that this minimizes collateral damage in accordance with their absolute prohibition against harming innocent lives.
			</Text>
		</Replace>
		<Replace Tag="LOC_PEDIA_PAGE_GOVERNOR_ASSASSINS_CHAPTER_HISTORY_PARA_2" Language="en_US">
			<Text>
				Their political philosophy is enshrined in the Creed, consisting of a maxim and three core tenets which serve as their principal prescriptions. While the maxim presents itself as akin to a doctrine, it is in reality a value-neutral epistemic claim about nature that the Assassins hold to serve as the bedrock to developing an independent, critical, and open-minded value and belief system. Despite this, their culture and goals are driven by an idealistic ideology emphasizing the faith in humanity's potential to foster world peace through collective gReplaceth enabled by freedom of education, belief, and expression.
			</Text>
		</Replace>
		<Replace Tag="LOC_PEDIA_PAGE_GOVERNOR_ASSASSINS_CHAPTER_HISTORY_PARA_3" Language="en_US">
			<Text>
				Although the Assassins can trace their genetic and cultural roots to the hybrids Adam and Eve, they officially originated with the Medjay of Egypt. The last Medjay Bayek and his wife Aya of Alexandria founded the order—then known as the Hidden Ones—at the tumultuous twilight of Ptolemaic rule to defend the common people against the Order of the Ancients, a clandestine militant group which evolved into the Templar Order. Since then, the Assassins and the Templars have been sworn enemies, fighting a recondite shadow war for more than two millennia across the world, a conflict so intractable and immemorial that it is often thought to have instead spanned the entirety of recorded human history. Fundamental to this conflict is the Assassin conviction that the preservation of free will is a necessary condition for human fulfillment and harmony while the Templars believe that humanity can only find lasting peace through the imposition of a world government under their control.
			</Text>
		</Replace>
		<Replace Tag="LOC_PEDIA_PAGE_GOVERNOR_ASSASSINS_CHAPTER_HISTORY_PARA_4" Language="en_US">
			<Text>
				In a development paralleling that of the Templars, the Hidden Ones emerged as the Assassins in the 11th century when Hassan-i Sabbāh fled Egypt and re-organized the order as a state in Alamut, where it could be protected by the northern mountains of Persia. Alamut remained the heartland of the Assassins until Al Mualim founded a branch in Masyaf and thereupon established a reputation feared by the Crusaders and Saracens alike, entering into public imagination. By then, the Assassins had become entrenched in traditional dogma, and under Al Mualim's successor, Altaïr Ibn-La'Ahad, a wave of momentous reforms was enacted that were simultaneously progressive and returned the Assassins to the original principles of the Hidden Ones. Unable to withstand the onslaught of the Mongol Empire, the Assassins then relinquished their state, retreated into the shadows once more, and spread across the world, seeding their presence to regions like Italy and Spain, India and Japan, and reaching peoples as far-flung as the Kanien'kehá:ka and the Maya, becoming a truly multicultural and global network.
			</Text>
		</Replace>

		<Replace Tag="LOC_PEDIA_PAGE_GOVERNOR_ASSASSINS_CHAPTER_HISTORY_PARA_5" Language="en_US">
			<Text>
				The Order believes in a strong set of values that strictly govern their way of life, referred to as "the Creed". This Creed consists of three tenets:[NEWLINE]1."Stay your blade from the flesh of an innocent."[NEWLINE]2."Hide in plain sight, be one with the crowd."[NEWLINE]3."Never compromise the Brotherhood."[NEWLINE]These tenets permeated every aspect of the Assassins' daily life, as well as their fight for "peace in all things". The Assassins carry out their duties through political, strategic assassination, in the hope that killing one individual will lead to the salvation of thousands. They also believe that they fight on the behalf of those who do not possess the abilities, resources, or knowledge to speak out against those who abuse their power.[NEWLINE][NEWLINE]Assassin's Creed is a series of action-adventure stealth video games developed mainly by Ubisoft and set in various historical periods. The series began with Assassin's Creed in 2007, and its most recent title is Assassin's Creed: Valhalla, released in November 2020.
			</Text>
		</Replace>


		<!--Governor Promotion Text-->
		<Replace Tag="LOC_PEDIA_PAGE_GOVERNOR_PROMOTION_ASSASSINS_1_CHAPTER_HISTORY_PARA_1" Language="en_US">
			<Text>
				You start learning the skills of an assassin: stealth, assassination, theft, etc. Of course, always recite the Assassin's Creed and remind yourself: "Stay your blade from the flesh of an innocent.", "Hide in plain sight, be one with the crowd.", "Never compromise the Brotherhood.".
			</Text>
		</Replace>
		<Replace Tag="LOC_PEDIA_PAGE_GOVERNOR_PROMOTION_ASSASSINS_2_CHAPTER_HISTORY_PARA_1" Language="en_US">
			<Text>
				The mentor leads you to the top of a tall tower. "Jump," he said. You bravely jumped and after a rapid fall, you fell into a pile of straw. The mentor comes to you, "Well done!" He said, handing you a box. Inside is a brand new set of Hidden Blade.
			</Text>
		</Replace>
		<Replace Tag="LOC_PEDIA_PAGE_GOVERNOR_PROMOTION_ASSASSINS_3_CHAPTER_HISTORY_PARA_1" Language="en_US">
			<Text>
				You begin to study the various texts and documents passed down by the Brotherhood. "The Pieces of Eden have great power," the Mentor once said. He gave you a white cloth stained with blood, and you could hear people talking from it. "Maybe the Pieces of Eden can also be put to good use. In any case, do not be superstitious about them. Niccolò di Pitigliano is a lesson in the past."
			</Text>
		</Replace>
		<Replace Tag="LOC_PEDIA_PAGE_GOVERNOR_PROMOTION_ASSASSINS_4_CHAPTER_HISTORY_PARA_1" Language="en_US">
			<Text>
				The mentor has passed away, and you take his place and responsibility. From the Brotherhood's research on the Pieces of Eden, you discover that a catastrophe is imminent, and you must activate the powerful Isu artifact, the Global Aurora Device, in order to fend off the disaster and gain time to colonize the alien planet. "Don't do that," a holographic projection that suddenly appears and calls itself "Minerva" warns you. What choice would you make?
			</Text>
		</Replace>
	</LocalizedText>
</GameData>
