<?xml version="1.0" encoding="utf-8"?>
<!-- Assassins_Text_zh_Hans -->
<!-- Author: yiboy -->
<!-- DateCreated: 11/13/2022 6:20:58 PM -->
<GameData>
	<LocalizedText>
		<!--概述-->
		<Replace Tag="LOC_SECRETSOCIETY_ASSASSINS_NAME" Language="zh_Hans_CN">
			<Text>刺客兄弟会</Text>
		</Replace>

		<Replace Tag="LOC_SECRETSOCIETY_ASSASSINS_DESCRIPTION" Language="zh_Hans_CN">
			<Text>“刺客兄弟会”是一个组织化的刺客团体，是圣殿骑士的死敌。他们为确保自由意志的幸存而战。这个结社侧重于情报、战斗以及秘密破坏。</Text>
		</Replace>

		<Replace Tag="LOC_SECRETSOCIETY_ASSASSINS_SHORT_NAME" Language="zh_Hans_CN">
			<Text>刺客兄弟会</Text>
		</Replace>
		
		<!--总督升级-->
		<Replace Tag="LOC_GOVERNOR_PROMOTION_ASSASSINS_1_NAME" Language="zh_Hans_CN">
			<Text>新手刺客</Text>
		</Replace>

		<Replace Tag="LOC_GOVERNOR_PROMOTION_ASSASSINS_1_DESCRIPTION" Language="zh_Hans_CN">
			<Text>
				发现部落村庄后解锁。首都[ICON_Capital]出现1个“刺客”单位。在地图上显示“伊甸碎片”资源，允许建造改良“伊甸碎片抑制器”。允许建造“纪念碑”的强力替代品：“刺客分部”。
			</Text>
		</Replace>

		<Replace Tag="LOC_GOVERNOR_PROMOTION_ASSASSINS_2_NAME" Language="zh_Hans_CN">
			<Text>袖箭传承</Text>
		</Replace>

		<Replace Tag="LOC_GOVERNOR_PROMOTION_ASSASSINS_2_DESCRIPTION" Language="zh_Hans_CN">
			<Text>
				在中世纪解锁。首都[ICON_Capital]出现1个“刺客”单位。允许建造刺客单位。允许建造特殊支援单位“伊甸裹尸布”。新训练的间谍获得“飞贼”升级。
			</Text>
		</Replace>

		<Replace Tag="LOC_GOVERNOR_PROMOTION_ASSASSINS_3_NAME" Language="zh_Hans_CN">
			<Text>资深刺客</Text>
		</Replace>

		<Replace Tag="LOC_GOVERNOR_PROMOTION_ASSASSINS_3_DESCRIPTION" Language="zh_Hans_CN">
			<Text>
				在工业时代解锁。首都[ICON_Capital]出现1个“刺客”单位。允许建造特色建筑“眼”。+1间谍容量，间谍在出击行动时增加1级，间谍获得能力“情报员”。
			</Text>
		</Replace>

		<Replace Tag="LOC_GOVERNOR_PROMOTION_ASSASSINS_4_NAME" Language="zh_Hans_CN">
			<Text>刺客导师</Text>
		</Replace>

		<Replace Tag="LOC_GOVERNOR_PROMOTION_ASSASSINS_4_DESCRIPTION" Language="zh_Hans_CN">
			<Text>在原子能时代解锁。首都[ICON_Capital]出现1个“刺客”单位。解锁“启动全球极光装置”城市项目。+1间谍容量。</Text>
		</Replace>
		
		<!--单位-->
		<Replace Tag="LOC_UNIT_ASSASSIN_NAME" Language="zh_Hans_CN">
			<Text>刺客</Text>
		</Replace>
		<Replace Tag="LOC_UNIT_ASSASSIN_DESCRIPTION" Language="zh_Hans_CN">
			<Text>
				刺客兄弟会特色战斗单位，拥有独特的升级树，其基础[ICON_Strength]战斗力等于城市曾生产之最强单位的战斗力。[NEWLINE][NEWLINE]具有隐形能力，并且能发现视野中的隐形单位。可建造伊甸碎片抑制器。进入伊甸碎片抑制器相邻格位后获得能力“血脉之怒”（+5[ICON_Strength]战斗力），且免疫未改良伊甸碎片的伤害。[NEWLINE][NEWLINE]训练刺客的花费随建造次数而快速递增。
			</Text>
		</Replace>
		<Replace Tag="LOC_PROMOTION_CLASS_ASSASSIN_NAME" Language="zh_Hans_CN">
			<Text>刺客</Text>
		</Replace>
		<Replace Tag="LOC_PEDIA_UNITS_PAGE_UNIT_ASSASSIN_CHAPTER_HISTORY_PARA_1" Language="zh_Hans_CN">
			<Text>
				从历史上看，刺客的祖先早在史前就已经存在了，可能可以追溯到亚当和夏娃。
			</Text>
		</Replace>
		<Replace Tag="LOC_PEDIA_UNITS_PAGE_UNIT_ASSASSIN_CHAPTER_HISTORY_PARA_2" Language="zh_Hans_CN">
			<Text>
				成为刺客有两种方式：通过出生，如阿泰尔·伊本-拉阿哈德、埃齐奥·奥迪托雷和戴斯蒙德·迈尔斯，或者通过招募，如刺客学徒爱德华·肯维和肖恩·黑斯廷斯。[NEWLINE]在信条下宣布自己是刺客后，学徒将在未指定的时间内接受测试以证明自己的价值。例如，埃齐奥在正式入职之前就被指派追捕圣殿骑士的阴谋者，而刺客学徒必须在世界各地的契约任务中获得足够的经验，然后才能加入刺客兄弟会成为正式成员。
			</Text>
		</Replace>
		<Replace Tag="LOC_PEDIA_UNITS_PAGE_UNIT_ASSASSIN_CHAPTER_HISTORY_PARA_3" Language="zh_Hans_CN">
			<Text>
				刺客们一生都在训练杀戮。从很小的时候起，他们就被教导观察周围环境并提前计划。战斗技能是必不可少的，重点是刀片类型的武器。然而，刺客训练中最重要的考虑因素是隐蔽。隐身是刺客最伟大的武器，他们生活中的一切都强调对隐身的忠诚。对于刺客来说，能够在不被注意的情况下到达目标，然后在他们击中后溜回人群中是至关重要的。[NEWLINE]刺客训练的另一个重点是机动性。当刺客达到刺客大师的等级时，他们也是自由奔跑的高手，这是刺客广泛使用的早期跑酷形式。虽然被普通民众普遍视为异类，但是这种移动方式使刺客能够到达原本无法到达的地区。自由奔跑使刺客比几乎所有的敌人和城市守卫都有明显的优势，可以用来快速有效地穿越拥挤的城市环境。
			</Text>
		</Replace>
		<Replace Tag="LOC_PEDIA_UNITS_PAGE_UNIT_ASSASSIN_CHAPTER_HISTORY_PARA_4" Language="zh_Hans_CN">
			<Text>
				然而，并不是所有的刺客都是从出生起就接受训练的，尤其是那些后来被招募的刺客。学员们必须通过个人经验和该领域其他刺客的教导来学习他们的手艺。例如，埃吉奥从其他刺客和盟友那里学到了许多技巧，如保拉、他的叔叔马里奥·奥迪托雷和盗贼罗莎，以及通过阅读阿泰尔的手札学到了一些基本的暗杀技巧。几个世纪后，爱德华·肯维利用从海盗中学到的技能来提升自己成为一名刺客。[NEWLINE]与其他某些派系不同，刺客没有特定的战斗风格。除了他们标志性的袖剑外，每个分支都使用该地区原生的武器和战斗风格。例如，奥斯曼刺客喜欢弯曲的匕首，而中国刺客则接受武术训练。
			</Text>
		</Replace>
		<Replace Tag="LOC_PEDIA_UNITS_PAGE_UNIT_ASSASSIN_CHAPTER_HISTORY_PARA_5" Language="zh_Hans_CN">
			<Text>
				古往今来，兄弟会使用过许多武器。在古代，刺客没有任何标准的服装或装备，但古代刺客以使用长矛、毒药、弓箭和其他武器而闻名。到了中世纪盛期，他们以白色为一般颜色，喙兜帽的长袍是他们的普通服装。[NEWLINE]这个时代也标志着刺客的标志性武器袖剑的出现，袖剑是由大流士首先使用的可伸缩刀片。刺客使用的其他武器包括剑、短刃和替换刀，尽管兄弟会禁止使用毒药作为“懦夫的工具”。许多这样的规则在阿泰尔的领导下发生了变化，他在伊甸苹果的帮助下开创了几项发明和技术。其中包括毒刃、袖枪和新型暗杀，极大地改变了兄弟会的做法。
			</Text>
		</Replace>
		<Replace Tag="LOC_PEDIA_UNITS_PAGE_UNIT_ASSASSIN_CHAPTER_HISTORY_PARA_6" Language="zh_Hans_CN">
			<Text>
				从文艺复兴开始，刺客的装备没有太大变化，但一些武器加入到了他们的武器库。在长袍上使用盔甲已经变得流行，尽管带有兜帽的白色长袍仍然存在。埃齐奥·奥迪托雷和其他意大利刺客使用了袖枪、弩、毒镖、烟雾弹和辅助袖剑，以及剑和刀等常规武器。一些地区也有其他地方没有的独特武器，如Ratonhnhaké:ton的战斧或16世纪初奥斯曼帝国使用的钩刃。还有一些人，如加勒比刺客，不使用兜帽作为他们标准服装的一部分。[NEWLINE]在锡克教贾亚德普·米尔（Sikh Jayadeep Mir）的指导下，英国兄弟会采用了印度兄弟会开发的恐惧战术，开始使用致幻剂和恐惧炸弹来使用恐惧战术。通过从战斗中吓唬敌人，印度和英国刺客可以避免被迫杀死他们，从而减轻伤亡。
			</Text>
		</Replace>
		<Replace Tag="LOC_PEDIA_UNITS_PAGE_UNIT_ASSASSIN_CHAPTER_HISTORY_PARA_7" Language="zh_Hans_CN">
			<Text>
				在现代，刺客的武器也与时俱进。随着技术的进步，枪支变得司空见惯，计算机变得普遍，像丽贝卡·克兰和汉娜·穆勒这样的刺客专门研究枪支的使用。当戴斯蒙德·迈尔斯被Abstergo公司关押在罗马工厂时，一小群刺客试图用自动武器营救他。
			</Text>
		</Replace>
		
		<Replace Tag="LOC_UNIT_THE_SHROUD_OF_EDEN_NAME" Language="zh_Hans_CN">
			<Text>伊甸裹尸布</Text>
		</Replace>
		<Replace Tag="LOC_UNIT_THE_SHROUD_OF_EDEN_DESCRIPTION" Language="zh_Hans_CN">
			<Text>刺客兄弟会特色支援单位，相邻单位一回合即可回满生命值，但是同格上的单位会直接被杀死。</Text>
		</Replace>
		<Replace Tag="LOC_PEDIA_UNITS_PAGE_UNIT_THE_SHROUD_OF_EDEN_CHAPTER_HISTORY_PARA_1" Language="zh_Hans_CN">
			<Text>
				伊甸裹尸布是一种伊甸碎片，形状像一块能够恢复和治愈的布。裹尸布是由伊述人康苏斯设计的纳米技术物质再生器，他在伊述时代的1923年创造了原版。他自己的意识被储存在原始裹尸布中，因此他能够在激活时暂时拥有神器使用者的身体。[NEWLINE]最初的裹尸布被描述为一块沾满鲜血的白布，通常保存在一个简单的木盒中。一个看似饱受折磨的男人的身影也被烧到了它的表面，双臂放在两侧，手掌向前。然而，教会记录指出，该男子的面容在历史上多次变化。
			</Text>
		</Replace>
		<Replace Tag="LOC_PEDIA_UNITS_PAGE_UNIT_THE_SHROUD_OF_EDEN_CHAPTER_HISTORY_PARA_2" Language="zh_Hans_CN">
			<Text>
				裹尸布已被用于治愈不同严重程度的伤口，修补从刺伤到出生缺陷的各种伤害。它用一种近乎友善的声音说话，不断提供治疗，并敦促其用户忽视自己的身体虚弱。尽管有传言说它有能力这样做，但它不能被用来让一个生物复活。然而，它可以在短时间内使身体在小范围内复活。[NEWLINE]众所周知，裹尸布会在使用它的人中引起严重的幻觉，并且（在极端情况下，例如尼科洛·迪·皮蒂利亚诺的裹尸布）似乎也会从内到外撕裂一个人。[NEWLINE]根据阿布斯泰戈工业公司的分析，当裹尸布包裹在尸体上时，它会扫描它的损伤，然后在细胞水平上重建它，从而有可能重建腐烂的生物体，并可能复活已故的第一文明成员。
			</Text>
		</Replace>
		<Replace Tag="LOC_THE_SHROUD_OF_EDEN_CURSE" Language="zh_Hans_CN">
			<Text>伊甸裹尸布的诅咒</Text>
		</Replace>
		
		<!--资源和改良-->
		<Replace Tag="LOC_RESOURCE_EDEN_PIECE_NAME" Language="zh_Hans_CN">
			<Text>伊甸碎片</Text>
		</Replace>
		<Replace Tag="LOC_PEDIA_RESOURCES_PAGE_RESOURCE_EDEN_PIECE_CHAPTER_HISTORY_PARA_1" Language="zh_Hans_CN">
			<Text>
				特色加成资源，提供+1[ICON_Faith]信仰，需要科技“炼铁术”，可在上面建造农场、矿山等改良设施。解锁刺客兄弟会结社后可在上面建造特色改良设施“伊甸碎片抑制器”。未改良的伊甸碎片资源每回合对该单元格上的单位造成10伤害。此伤害不致命。
			</Text>
		</Replace>
		<Replace Tag="LOC_PEDIA_RESOURCES_PAGE_RESOURCE_EDEN_PIECE_CHAPTER_HISTORY_PARA_2" Language="zh_Hans_CN">
			<Text>
				伊甸碎片是伊述人创造的一种复杂技术，它被设计成人脑的神经递质网络发生作用。除了伊甸裹尸布之外，大多数伊甸碎片都是为了在精神和身体上控制人类的思想、情绪和行为而设计的。因此，它们是伊述人强迫人类充当奴隶的主要工具。
			</Text>
		</Replace>
		<Replace Tag="LOC_PEDIA_RESOURCES_PAGE_RESOURCE_EDEN_PIECE_CHAPTER_HISTORY_PARA_3" Language="zh_Hans_CN">
			<Text>
				千百年来，伊甸碎片的力量一直使人们感到困惑，这足以让人们在漫长的历史当中把它与“魔法”混为一谈。多峇巨灾给伊述带来的灭亡更是加强了这种看法——人类对伊述的记忆逐渐隐没于神话传说当中。由于人类缺少仿制这些设备的专业技术，彼此敌对的人类团体为了各自的目的而寻找着伊甸碎片，为了争夺伊甸碎片进行了不计其数的冲突。其中，圣殿骑士组织对伊甸碎片颇为痴迷。几千年以来，他们投入了大量的人力物力来搜寻并获取这些神器，以求建立“新世界秩序”。
			</Text>
		</Replace>

		<Replace Tag="LOC_IMPROVEMENT_EDEN_PIECE_SUPPRESS_NAME" Language="zh_Hans_CN">
			<Text>伊甸碎片抑制器</Text>
		</Replace>
		<Replace Tag="LOC_IMPROVEMENT_EDEN_PIECE_SUPPRESS_DESCRIPTION" Language="zh_Hans_CN">
			<Text>
				刺客兄弟会特色改良设施，由刺客建造，相邻的单元格提供+2信仰[ICON_Faith]。[NEWLINE][NEWLINE]研究“灌溉”后，相邻的单元格+2食物[ICON_Food]。研究“货币”后，相邻的单元格+2金币[ICON_Gold]。发现“神学”后，相邻的单元格+2生产力[ICON_Production]。发现“启蒙运动”后，相邻的单元格+2文化[ICON_Culture]。研究“科学理论”后，相邻的单元格+2科技[ICON_Science]。[NEWLINE][NEWLINE]相邻单元格+1魅力。只能建造在伊甸碎片资源上。可以建造在境外。人口无法在上面工作。
			</Text>
		</Replace>
		<Replace Tag="LOC_PEDIA_IMPROVEMENTS_PAGE_IMPROVEMENT_EDEN_PIECE_SUPPRESS_CHAPTER_HISTORY_PARA_1" Language="zh_Hans_CN">
			<Text>
				刺客组织致力于维护人类的自由意志，并且妥善使用伊甸碎片。
			</Text>
		</Replace>
		<Replace Tag="LOC_EDEN_PIECE_DAMAGE" Language="zh_Hans_CN">
			<Text>伊甸碎片造成伤害</Text>
		</Replace>

		<!--建筑-->
		<Replace Tag="LOC_BUILDING_ASSASSINS_BRANCH_NAME" Language="zh_Hans_CN">
			<Text>刺客分部</Text>
		</Replace>
		<Replace Tag="LOC_BUILDING_ASSASSINS_BRANCH_DESCRIPTION" Language="zh_Hans_CN">
			<Text>
				刺客兄弟会特色建筑，替代纪念碑，+1文化[ICON_Culture]，+1影响力点数，+1通用巨作槽位。+1忠诚度，如果城市忠诚度已达最高则+1[ICON_Culture]文化值。[NEWLINE][NEWLINE]此城的敌方间谍行动等级下降1。如果此城市拥有[ICON_DISTRICT_ENCAMPMENT]军营，则+1[ICON_GreatGeneral]大将军点数；如果此城市拥有[ICON_DISTRICT_HARBOR]港口，则+1[ICON_GreatAdmiral]海军上将点数。[NEWLINE][NEWLINE]需要市中心。
			</Text>
		</Replace>
		<Replace Tag="LOC_PEDIA_BUILDINGS_PAGE_BUILDING_ASSASSINS_BRANCH_CHAPTER_HISTORY_PARA_1" Language="zh_Hans_CN">
			<Text>刺客兄弟会在全世界都有分部。</Text>
		</Replace>-->
		<Replace Tag="LOC_BUILDING_THE_EYE_NAME" Language="zh_Hans_CN">
			<Text>眼</Text>
		</Replace>
		<Replace Tag="LOC_BUILDING_THE_EYE_DESCRIPTION" Language="zh_Hans_CN">
			<Text>
				刺客兄弟会特色建筑，所有文明的外交能见度提升一个等级。所在城市供电充足时，该城学院和工业区+100%相邻加成，+10% [ICON_Science] 科技。[NEWLINE][NEWLINE]只能建造一座。建造完成后永久获得所有伊甸碎片抑制器三格内的视野（此效果对后续建造的抑制器也生效）。[NEWLINE][NEWLINE]可由军事工程师消耗次数推进进度。[NEWLINE][NEWLINE]需要前置建筑“刺客分部”。需要市中心。
			</Text>
		</Replace>
		<Replace Tag="LOC_PEDIA_BUILDINGS_PAGE_BUILDING_THE_EYE_CHAPTER_HISTORY_PARA_1" Language="zh_Hans_CN">
			<Text>
				眼是一套伊述技术，赋予伊述人通过计算无数可能性来预测未来的能力。由伊述科学家密涅瓦（Minerva）创建的眼睛被她描述为“数字占卜”，并且非常精确，以至于用户可以预测将来对他们的录音的确切反应。通过这种方式，他们可以与未来的生物互动，就好像他们在实时与他们交谈一样，使他们能够影响未来。[NEWLINE]眼的一个组成部分被人类发现，并被称为安提基希拉机械。
			</Text>
		</Replace>
		<Replace Tag="LOC_PEDIA_BUILDINGS_PAGE_BUILDING_THE_EYE_CHAPTER_HISTORY_PARA_2" Language="zh_Hans_CN">
			<Text>
				公元前75000年，密涅瓦使用眼，认为戴斯蒙德·迈尔斯是2012年第二次多峇巨灾时最有可能阻止灾难的人。[NEWLINE]2012年12月21日，密涅瓦警告戴斯蒙德不可使用全球极光装置，因为这会释放出伊述人朱诺。[NEWLINE]2013年，在研究了眼之后，Abstergo发现这种设备由于计算的性质，使用起来将十分困难，需要成千上万次计算才能试验出迄今为止的事件。[NEWLINE]2018年，现代刺客蕾拉·哈桑和她的助手艾伦娜·瑞恩将全球极光装置误认为是“眼”，在她们关于阿勒忒娅的研究笔记中也有相应的记载。
			</Text>
		</Replace>
		<Replace Tag="LOC_VIZSOURCE_THE_EYE" Language="zh_Hans_CN">
			<Text>建造了“眼”</Text>
		</Replace>
		<Replace Tag="LOC_VIZSOURCE_ACTION_THE_EYE" Language="zh_Hans">
			<Text>建造“眼”</Text>
		</Replace>
		<Replace Tag="LOC_GOSSIP_SOURCE_THE_EYE" Language="zh_Hans">
			<Text>最近您从“眼”了解到</Text>
		</Replace>
		<Replace Tag="LOC_BUILDING_EDEN_PIECE_RESEARCH_LAB_NAME" Language="zh_Hans_CN">
			<Text>伊甸碎片研究中心</Text>
		</Replace>
		<Replace Tag="LOC_BUILDING_EDEN_PIECE_RESEARCH_LAB_DESCRIPTION" Language="zh_Hans_CN">
			<Text>
				刺客兄弟会mod开启时的特色建筑，+1000[ICON_Science]科技，维护费100[ICON_Gold]金币。需要学院。
			</Text>
		</Replace>
		<Replace Tag="LOC_PEDIA_BUILDINGS_PAGE_BUILDING_EDEN_PIECE_RESEARCH_LAB_CHAPTER_HISTORY_PARA_1" Language="zh_Hans_CN">
			<Text>
				这个建筑最初没打算做。我想做一个不替代原有建筑的结社专属建筑，但是游戏里没有对应的接口。[NEWLINE]为了把这个问题转化成已知问题，我就引入了一个虚拟的学院区建筑。设置了高昂的造价，使得它既不影响游戏，又可以被结社特色建筑替代。[NEWLINE]之前其实也考虑过做一个奇观，但是觉得不应该用一个专属奇观来污染奇观列表，同时这样也没办法随某个结社晋升来解锁建筑，所以出此下策。请各位玩家谅解。
			</Text>
		</Replace>
		

		<!--单位能力和晋升-->
		<Replace Tag="LOC_ABILITY_ASSASSIN_EDEN_PIECE_SUPPRESS_COMBAT_BONUS_NAME" Language="zh_Hans_CN">
			<Text>血脉之怒</Text>
		</Replace>
		<Replace Tag="LOC_ABILITY_ASSASSIN_EDEN_PIECE_SUPPRESS_COMBAT_BONUS_DESCRIPTION" Language="zh_Hans_CN">
			<Text>+5[ICON_Strength]战斗力（血脉之怒）。</Text>
		</Replace>
		<Replace Tag="LOC_ABILITY_ASSASSIN_EDEN_PIECE_SUPPRESS_COMBAT_BONUS_PREVIEW" Language="zh_Hans_CN">
			<Text>+5[ICON_Strength]战斗力来自血脉之怒。</Text>
		</Replace>
		
		<Replace Tag="LOC_ABILITY_SPY_ASSASSIN_BONUS_NAME" Language="zh_Hans_CN">
			<Text>间谍支援</Text>
		</Replace>
		<Replace Tag="LOC_ABILITY_SPY_ASSASSIN_BONUS_DESCRIPTION" Language="zh_Hans_CN">
			<Text>附近间谍提供+5[ICON_Strength]战斗力。</Text>
		</Replace>
		<Replace Tag="LOC_ABILITY_SPY_ASSASSIN_BONUS_PREVIEW" Language="zh_Hans_CN">
			<Text>+5[ICON_Strength]战斗力来自间谍。</Text>
		</Replace>
		
		<Replace Tag="LOC_ABILITY_SPY_ASSASSIN_GRANT_BONUS_NAME" Language="zh_Hans_CN">
			<Text>帮助刺客</Text>
		</Replace>
		<Replace Tag="LOC_ABILITY_SPY_ASSASSIN_GRANT_BONUS_DESCRIPTION" Language="zh_Hans_CN">
			<Text>为2个单元格以内的刺客+5[ICON_Strength]战斗力</Text>
		</Replace>
		
		<Replace Tag="LOC_ABILITY_THE_SHROUD_OF_EDEN_HEAL_BONUS_NAME" Language="zh_Hans_CN">
			<Text>伊甸裹尸布的祝福与诅咒</Text>
		</Replace>
		<Replace Tag="LOC_ABILITY_THE_SHROUD_OF_EDEN_HEAL_BONUS_DESCRIPTION" Language="zh_Hans_CN">
			<Text>相邻伊甸裹尸布的单位一回合即可回满生命值，但是同格上的单位会直接被杀死。</Text>
		</Replace>
		
		<Replace Tag="LOC_PROMOTION_ASSASSIN_EAGLE_EYE_NAME" Language="zh_Hans_CN">
			<Text>鹰眼视觉</Text>
		</Replace>
		<Replace Tag="LOC_PROMOTION_ASSASSIN_EAGLE_EYE_DESCRIPTION" Language="zh_Hans_CN">
			<Text>+1视野，在丘陵单元格上额外+1视野。</Text>
		</Replace>
		<Replace Tag="LOC_PROMOTION_ASSASSIN_SHADE_NAME" Language="zh_Hans_CN">
			<Text>潜行</Text>
		</Replace>
		<Replace Tag="LOC_PROMOTION_ASSASSIN_SHADE_DESCRIPTION" Language="zh_Hans_CN">
			<Text>如果在敌人领土开始回合，则+1移动力；无视控制区。</Text>
		</Replace>
		<Replace Tag="LOC_PROMOTION_ASSASSIN_BROTHERHOOD_NAME" Language="zh_Hans_CN">
			<Text>并肩作战</Text>
		</Replace>
		<Replace Tag="LOC_PROMOTION_ASSASSIN_BROTHERHOOD_DESCRIPTION" Language="zh_Hans_CN">
			<Text>相邻刺客单位+7[ICON_Strength]战斗力。</Text>
		</Replace>
		<Replace Tag="LOC_PROMOTION_ASSASSIN_BROTHERHOOD_PREVIEW" Language="zh_Hans_CN">
			<Text>+7[ICON_Strength]战斗力来自相邻刺客单位。</Text>
		</Replace>

		<Replace Tag="LOC_PROMOTION_ASSASSIN_HIDDEN_BLADE_NAME" Language="zh_Hans_CN">
			<Text>袖箭刺杀</Text>
		</Replace>
		<Replace Tag="LOC_PROMOTION_ASSASSIN_HIDDEN_BLADE_DESCRIPTION" Language="zh_Hans_CN">
			<Text>
				攻击后，如果敌方单位生命值小于结社级数*10，则秒杀、回复生命和获得经验。
			</Text>
		</Replace>
		<Replace Tag="LOC_HIDDEN_BLADE_KILL" Language="zh_Hans_CN">
			<Text>袖箭刺杀</Text>
		</Replace>

		<Replace Tag="LOC_PROMOTION_ASSASSIN_LEAP_OF_FAITH_NAME" Language="zh_Hans_CN">
			<Text>信仰之跃</Text>
		</Replace>
		<Replace Tag="LOC_PROMOTION_ASSASSIN_LEAP_OF_FAITH_DESCRIPTION" Language="zh_Hans_CN">
			<Text>无视丘陵移动力消耗，可以跳过山脉。</Text>
		</Replace>

		<Replace Tag="LOC_PROMOTION_ASSASSIN_MASTER_NAME" Language="zh_Hans_CN">
			<Text>刺客大师</Text>
		</Replace>
		<Replace Tag="LOC_PROMOTION_ASSASSIN_MASTER_DESCRIPTION" Language="zh_Hans_CN">
			<Text>+1移动力，可消耗一个移动力掠夺。</Text>
		</Replace>
		
		<!--项目-->
		<Replace Tag="LOC_PROJECT_STARTING_GLOBAL_AURORA_BOREALIS_DEVICE_NAME" Language="zh_Hans_CN">
			<Text>启动全球极光装置</Text>
		</Replace>
		<Replace Tag="LOC_PROJECT_STARTING_GLOBAL_AURORA_BOREALIS_DEVICE_SHORT_NAME" Language="zh_Hans_CN">
			<Text>启动全球极光装置</Text>
		</Replace>
		<Replace Tag="LOC_PROJECT_STARTING_GLOBAL_AURORA_BOREALIS_DEVICE_DESCRIPTION" Language="zh_Hans_CN">
			<Text>
				此城市项目在进行时将提供科技。完成时，每回合系外行星探索的速度加1光年。但是会释放二氧化碳，并且使自然灾害的发生更加频繁。
			</Text>
		</Replace>

		<!--发现和加入-->
		<Replace Tag="LOC_SECRETSOCIETY_ASSASSINS_DISCOVERY" Language="zh_Hans_CN">
			<Text>
				你的宫殿中出现了一个身穿兜帽的人，他面对形成包围圈的守卫毫不慌张，衣袖微微露出寒光。“我刚刚挫败了针对您的一场刺杀阴谋。想要彻底解决这些麻烦，为什么不加入我们？”，他说。这位访客声称一个叫做圣殿骑士的团体正在密谋掌控你的文明，作为组织中的一名刺客，他奉命来保护你和邀请你加入。你便开始思考是否加入。
			</Text>
		</Replace>

		<Replace Tag="LOC_SECRETSOCIETY_ASSASSINS_MEMBERSHIP" Language="zh_Hans_CN">
			<Text>
				新朋友引领你来到一处秘密据点。在身穿兜帽的刺客们的注视之下，你饮下一杯迷药，并在幻觉中面对了自己的过去和恐惧。醒来后，前辈们诵读刺客信条：“万物皆虚，万事皆允。”。他们宣告你已经获得新生，成为一名刺客。
			</Text>
		</Replace>

		<Replace Tag="LOC_PEDIA_PAGE_GOVERNOR_ASSASSINS_CHAPTER_HISTORY_PARA_1" Language="zh_Hans_CN">
			<Text>
				刺客兄弟会，也被称为刺客组织，是一个全球范围内的秘密的维护和平的组织，致力于保护人类免受滥用权力、强制统治和不公正的侵害。作为刺客一词的词源，他们的传统行动围绕着隐形行动、选择性暴力和暗杀那些被认为是压迫肇事者的人，因为他们相信这最大限度地减少了冲突带来的损害，因为他们绝对禁止伤害无辜的生命。因为理念和另一个秘密组织————圣殿骑士恰好相反，所以刺客们经常与圣殿骑士发生冲突。[NEWLINE][NEWLINE]刺客的格言是“万物皆虚，万事皆允。”，三大信条是“绝不滥杀无辜”，“大隐于市”和“绝不牵连兄弟会”。
			</Text>
		</Replace>
		<Replace Tag="LOC_PEDIA_PAGE_GOVERNOR_ASSASSINS_CHAPTER_HISTORY_PARA_2" Language="zh_Hans_CN">
			<Text>
				刺客的起源最早可被追溯到人类文明初生的时期，人类对他们的创造者————拥有三螺旋DNA的伊述人的反抗。伊述人通过神器-伊甸碎片（或称伊甸苹果）来控制人类。但是一些伊述人和人类的混血者不受其影响。[NEWLINE][NEWLINE]混血者亚当与夏娃偷走了一个伊甸苹果，为人类与伊述人的战争开启了序幕。他们率领人类抵抗压迫、追寻自由意志的壮举使他们被后来的一些人认为是最早的原始刺客。亚当和夏娃的苹果后来被传给了他们的儿子亚伯。反过来，亚伯将被嫉妒他的弟弟该隐杀死，该隐随后拿走了那颗苹果。该隐后来被视为圣殿骑士哲学的第一批信徒，该隐之印成为圣殿骑士的徽记。[NEWLINE][NEWLINE]在人类和伊述人大战之际，日冕物质抛射以及随后多峇巨灾悄然而至。尽管伊述与人类都从巨灾之中幸存了下来，然而他们的幸存者都所剩无几。他们合作奋斗，重建自己的世界，但人类继续将实际上与他们相当的伊述成员视作神明并不再为他们服务。尽管幸存了下来，伊述无法完全恢复种族成员数量，不可避免地开始衰弱，最终灭绝。
			</Text>
		</Replace>
		<Replace Tag="LOC_PEDIA_PAGE_GOVERNOR_ASSASSINS_CHAPTER_HISTORY_PARA_3" Language="zh_Hans_CN">
			<Text>
				刺客组织早期组织被称为无形者，领导人是艾雅和巴耶克。他们与圣殿骑士的前身——上古维序者对抗，并且参与到了克里奥佩特拉、托勒密十三世和罗马的争斗之中。（相关剧情参见《刺客信条：起源》）
			</Text>
		</Replace>
		<Replace Tag="LOC_PEDIA_PAGE_GOVERNOR_ASSASSINS_CHAPTER_HISTORY_PARA_4" Language="zh_Hans_CN">
			<Text>
				艾雅身上有着伊述人的血脉，她的祖先卡珊德拉曾经在希腊与圣殿骑士的另一个前身——秩序神教对抗。而刺客组织的标配——袖箭，则来自于艾雅的另一个祖先——波斯的阿尔达班。（相关剧情参见《刺客信条：奥德赛》）
			</Text>
		</Replace>

		<Replace Tag="LOC_PEDIA_PAGE_GOVERNOR_ASSASSINS_CHAPTER_HISTORY_PARA_5" Language="zh_Hans_CN">
			<Text>
				现实中，刺客兄弟会这一组织出自育碧蒙特利尔工作室研发的动作冒险类游戏系列——《刺客信条》。[NEWLINE][NEWLINE]注：多峇巨灾理论是一种科学理论。根据多峇巨灾理论，现代人的进化是受到近期一次在印尼苏门达腊岛北部的多峇湖的大型火山爆发造成的巨灾所影响。
			</Text>
		</Replace>

		
		<!--升级文本-->
		<Replace Tag="LOC_PEDIA_PAGE_GOVERNOR_PROMOTION_ASSASSINS_1_CHAPTER_HISTORY_PARA_1" Language="zh_Hans_CN">
			<Text>
				你开始学习刺客的各项技能：潜行、刺杀、盗窃等等。当然，也要时刻诵读刺客信条，提醒自己：不得滥杀无辜，大隐于世，绝不牵连兄弟会。
			</Text>
		</Replace>
		<Replace Tag="LOC_PEDIA_PAGE_GOVERNOR_PROMOTION_ASSASSINS_2_CHAPTER_HISTORY_PARA_1" Language="zh_Hans_CN">
			<Text>
				导师带你来到一座高塔塔顶。“跳吧”，他说。你勇敢地跳了下去，经历一阵急速坠落后，你掉进了一个稻草堆里。导师来到你的身边，“干的漂亮！”，他说，接着递给你一个盒子。里面是一套崭新的袖箭。
			</Text>
		</Replace>
		<Replace Tag="LOC_PEDIA_PAGE_GOVERNOR_PROMOTION_ASSASSINS_3_CHAPTER_HISTORY_PARA_1" Language="zh_Hans_CN">
			<Text>
				你开始学习兄弟会的各类典籍。“伊甸碎片具有强大的力量”，导师曾说过。他把一块沾有血迹的白布交给你保管，你竟然能从它上面听到人说话的声音。“也许它们也能被妥善使用。无论如何，不要迷信它们。尼科洛·迪·皮蒂利亚诺就是前车之鉴”。
			</Text>
		</Replace>
		<Replace Tag="LOC_PEDIA_PAGE_GOVERNOR_PROMOTION_ASSASSINS_4_CHAPTER_HISTORY_PARA_1" Language="zh_Hans_CN">
			<Text>
				导师已经驾鹤西去，你接过了他的位置和责任。从兄弟会关于伊甸碎片的研究资料中，你发现一场灾难即将来临，必须启动强大的伊述神器——全球极光装置，才能抵挡灾难并争取时间移民外星球。“不要那么做”，一个突然出现、自称“密涅瓦”的全息投影告诫你。你又会作何选择呢？
			</Text>
		</Replace>
	</LocalizedText>
</GameData>
