<?xml version="1.0" encoding="utf-8"?>
<!-- Assassins_Icons -->
<!-- Author: yiboy -->
<!-- DateCreated: 11/4/2022 11:10:22 PM -->
<GameData>
	<IconTextureAtlases>
		<!--资源-->
		<Row Name="ATLAS_ICON_RESOURCE_EDEN_PIECE" IconSize="38" Filename="ICON_RESOURCE_EDEN_PIECE_38"/>
		<Row Name="ATLAS_ICON_RESOURCE_EDEN_PIECE" IconSize="50" Filename="ICON_RESOURCE_EDEN_PIECE_50"/>
		<Row Name="ATLAS_ICON_RESOURCE_EDEN_PIECE" IconSize="64" Filename="ICON_RESOURCE_EDEN_PIECE_64"/>
		<Row Name="ATLAS_ICON_RESOURCE_EDEN_PIECE" IconSize="256" Filename="ICON_RESOURCE_EDEN_PIECE_256"/>

		<Row Name="ATLAS_ICON_RESOURCE_EDEN_PIECE_FOW" IconSize="38" Filename="ICON_RESOURCE_EDEN_PIECE_FOW_38"/>
		<Row Name="ATLAS_ICON_RESOURCE_EDEN_PIECE_FOW" IconSize="50" Filename="ICON_RESOURCE_EDEN_PIECE_FOW_50"/>
		<Row Name="ATLAS_ICON_RESOURCE_EDEN_PIECE_FOW" IconSize="64" Filename="ICON_RESOURCE_EDEN_PIECE_FOW_64"/>
		<Row Name="ATLAS_ICON_RESOURCE_EDEN_PIECE_FOW" IconSize="256" Filename="ICON_RESOURCE_EDEN_PIECE_FOW_256"/>

		<Row Name="ATLAS_ICON_RESOURCE_EDEN_PIECE_FONTICON" IconSize="22" Filename="ICON_RESOURCE_EDEN_PIECE_FONTICON_22"/>

		<!--单位-->
		<Row Name="ATLAS_UNIT_THE_SHROUD_OF_EDEN" IconSize="22" Filename="ICON_UNIT_THE_SHROUD_OF_EDEN_22"/>
		<Row Name="ATLAS_UNIT_THE_SHROUD_OF_EDEN" IconSize="32" Filename="ICON_UNIT_THE_SHROUD_OF_EDEN_32"/>
		<Row Name="ATLAS_UNIT_THE_SHROUD_OF_EDEN" IconSize="38" Filename="ICON_UNIT_THE_SHROUD_OF_EDEN_38"/>
		<Row Name="ATLAS_UNIT_THE_SHROUD_OF_EDEN" IconSize="50" Filename="ICON_UNIT_THE_SHROUD_OF_EDEN_50"/>
		<Row Name="ATLAS_UNIT_THE_SHROUD_OF_EDEN" IconSize="80" Filename="ICON_UNIT_THE_SHROUD_OF_EDEN_80"/>
		<Row Name="ATLAS_UNIT_THE_SHROUD_OF_EDEN" IconSize="256" Filename="ICON_UNIT_THE_SHROUD_OF_EDEN_256"/>

		<Row Name="ATLAS_UNIT_ASSASSIN" IconSize="22" Filename="ICON_UNIT_ASSASSIN_22"/>
		<Row Name="ATLAS_UNIT_ASSASSIN" IconSize="32" Filename="ICON_UNIT_ASSASSIN_32"/>
		<Row Name="ATLAS_UNIT_ASSASSIN" IconSize="38" Filename="ICON_UNIT_ASSASSIN_38"/>
		<Row Name="ATLAS_UNIT_ASSASSIN" IconSize="50" Filename="ICON_UNIT_ASSASSIN_50"/>
		<Row Name="ATLAS_UNIT_ASSASSIN" IconSize="80" Filename="ICON_UNIT_ASSASSIN_80"/>
		<Row Name="ATLAS_UNIT_ASSASSIN" IconSize="256" Filename="ICON_UNIT_ASSASSIN_256"/>

		<Row Name="ATLAS_UNIT_ASSASSIN_PORTRAIT" IconSize="38" Filename="ICON_UNIT_ASSASSIN_PORTRAIT_38"/>
		<Row Name="ATLAS_UNIT_ASSASSIN_PORTRAIT" IconSize="50" Filename="ICON_UNIT_ASSASSIN_PORTRAIT_50"/>
		<Row Name="ATLAS_UNIT_ASSASSIN_PORTRAIT" IconSize="70" Filename="ICON_UNIT_ASSASSIN_PORTRAIT_70"/>
		<Row Name="ATLAS_UNIT_ASSASSIN_PORTRAIT" IconSize="95" Filename="ICON_UNIT_ASSASSIN_PORTRAIT_95"/>
		<Row Name="ATLAS_UNIT_ASSASSIN_PORTRAIT" IconSize="200" Filename="ICON_UNIT_ASSASSIN_PORTRAIT_200"/>
		<Row Name="ATLAS_UNIT_ASSASSIN_PORTRAIT" IconSize="256" Filename="ICON_UNIT_ASSASSIN_PORTRAIT_256"/>
		
		<!--建筑-->
		<Row Name="ATLAS_BUILDING_ASSASSINS_BRANCH" IconSize="32" Filename="ICON_BUILDING_ASSASSINS_BRANCH_32"/>
		<Row Name="ATLAS_BUILDING_ASSASSINS_BRANCH" IconSize="38" Filename="ICON_BUILDING_ASSASSINS_BRANCH_38"/>
		<Row Name="ATLAS_BUILDING_ASSASSINS_BRANCH" IconSize="50" Filename="ICON_BUILDING_ASSASSINS_BRANCH_50"/>
		<Row Name="ATLAS_BUILDING_ASSASSINS_BRANCH" IconSize="80" Filename="ICON_BUILDING_ASSASSINS_BRANCH_80"/>
		<Row Name="ATLAS_BUILDING_ASSASSINS_BRANCH" IconSize="128" Filename="ICON_BUILDING_ASSASSINS_BRANCH_128"/>
		<Row Name="ATLAS_BUILDING_ASSASSINS_BRANCH" IconSize="256" Filename="ICON_BUILDING_ASSASSINS_BRANCH_256"/>

		<Row Name="ATLAS_BUILDING_THE_EYE" IconSize="32" Filename="ICON_BUILDING_THE_EYE_32"/>
		<Row Name="ATLAS_BUILDING_THE_EYE" IconSize="38" Filename="ICON_BUILDING_THE_EYE_38"/>
		<Row Name="ATLAS_BUILDING_THE_EYE" IconSize="50" Filename="ICON_BUILDING_THE_EYE_50"/>
		<Row Name="ATLAS_BUILDING_THE_EYE" IconSize="80" Filename="ICON_BUILDING_THE_EYE_80"/>
		<Row Name="ATLAS_BUILDING_THE_EYE" IconSize="128" Filename="ICON_BUILDING_THE_EYE_128"/>
		<Row Name="ATLAS_BUILDING_THE_EYE" IconSize="256" Filename="ICON_BUILDING_THE_EYE_256"/>
		
		<!--改良-->
		<!--<Row Name="ATLAS_IMPROVEMENT_EDEN_PIECE_SUPPRESS" IconSize="256" IconsPerRow="1" IconsPerColumn="1" Filename="IMPROVEMENT_EDEN_PIECE_SUPPRESS_256"/>
		<Row Name="ATLAS_IMPROVEMENT_EDEN_PIECE_SUPPRESS" IconSize="80" IconsPerRow="1" IconsPerColumn="1" Filename="IMPROVEMENT_EDEN_PIECE_SUPPRESS_80"/>
		<Row Name="ATLAS_IMPROVEMENT_EDEN_PIECE_SUPPRESS" IconSize="50" IconsPerRow="1" IconsPerColumn="1" Filename="IMPROVEMENT_EDEN_PIECE_SUPPRESS_50"/>
		<Row Name="ATLAS_IMPROVEMENT_EDEN_PIECE_SUPPRESS" IconSize="38" IconsPerRow="1" IconsPerColumn="1" Filename="IMPROVEMENT_EDEN_PIECE_SUPPRESS_38"/>-->

		<Row Name="ATLAS_SECRETSOCIETY_ASSASSINS" Baseline="4" IconSize="22" Filename="ICON_SECRETSOCIETY_ASSASSINS_22"/>
	</IconTextureAtlases>

	<IconDefinitions>
		<!--资源-->
		<Row Name="ICON_RESOURCE_EDEN_PIECE" Atlas="ATLAS_ICON_RESOURCE_EDEN_PIECE" Index="0"/>
		<Row Name="ICON_RESOURCE_EDEN_PIECE_FOW" Atlas="ATLAS_ICON_RESOURCE_EDEN_PIECE_FOW" Index="0"/>
		<Row Name="RESOURCE_EDEN_PIECE" Atlas="ATLAS_ICON_RESOURCE_EDEN_PIECE_FONTICON" Index="0"/>
		
		<!--单位-->
		<Row Name="ICON_UNIT_THE_SHROUD_OF_EDEN" Atlas="ATLAS_UNIT_THE_SHROUD_OF_EDEN" Index="0"/>
		<!--医疗兵头像-->
		<Row Name="ICON_UNIT_THE_SHROUD_OF_EDEN_PORTRAIT" Atlas="ICON_ATLAS_UNIT_PORTRAITS"   Index="63"/>
		<Row Name="ICON_UNIT_ASSASSIN" Atlas="ATLAS_UNIT_ASSASSIN" Index="0"/>
		<Row Name="ICON_UNIT_ASSASSIN_PORTRAIT" Atlas="ATLAS_UNIT_ASSASSIN_PORTRAIT" Index="0"/>
		<!--建筑-->
		<Row Name="ICON_BUILDING_ASSASSINS_BRANCH" Atlas="ATLAS_BUILDING_ASSASSINS_BRANCH" Index="0"/>
		<Row Name="ICON_BUILDING_THE_EYE" Atlas="ATLAS_BUILDING_THE_EYE" Index="0"/>
		<Row Name="ICON_BUILDING_EDEN_PIECE_RESEARCH_LAB" Atlas="ICON_ATLAS_BUILDINGS" Index="37"/>
		
		<!--地热发电厂图标-->
		<Row Name="ICON_IMPROVEMENT_EDEN_PIECE_SUPPRESS" Atlas="ICON_ATLAS_EXPANSION_2_UNIT_ACTIONS" Index="15"/>
		<!--<Row Name="ICON_IMPROVEMENT_EDEN_PIECE_SUPPRESS" Atlas="ATLAS_IMPROVEMENT_EDEN_PIECE_SUPPRESS" Index="0"/>-->
		
		<!--项目-->
		<Row Name="ICON_PROJECT_STARTING_GLOBAL_AURORA_BOREALIS_DEVICE" Atlas="ICON_ATLAS_PROJECTS" Index="15"/>
		<!--结社-->
		<Row Name="SECRETSOCIETY_ASSASSINS" Atlas="ATLAS_SECRETSOCIETY_ASSASSINS" Index="0"/>
	</IconDefinitions>
</GameData>
